variant,cfg,arm,floor,sp_mean,sp_median,sp_excluded,wape_median,interval80,mase_median_fc,sp_0.1,sp_0.5,sp_0.8,sp_0.9,sp_0.95,sp_0.99,sp_low,sp_mid,sp_high,cov_hi_0.8,cov_lo_0.8,tie_0.8,zero_share_0.8,raw_cov_0.8,status_0.8,cov_hi_0.8_low,cov_lo_0.8_low,cov_hi_0.8_mid,cov_lo_0.8_mid,cov_hi_0.8_high,cov_lo_0.8_high,cov_hi_0.9,cov_lo_0.9,tie_0.9,zero_share_0.9,raw_cov_0.9,status_0.9,cov_hi_0.9_low,cov_lo_0.9_low,cov_hi_0.9_mid,cov_lo_0.9_mid,cov_hi_0.9_high,cov_lo_0.9_high,cov_hi_0.95,cov_lo_0.95,tie_0.95,zero_share_0.95,raw_cov_0.95,status_0.95,cov_hi_0.95_low,cov_lo_0.95_low,cov_hi_0.95_mid,cov_lo_0.95_mid,cov_hi_0.95_high,cov_lo_0.95_high,cov_hi_0.99,cov_lo_0.99,tie_0.99,zero_share_0.99,raw_cov_0.99,status_0.99,cov_hi_0.99_low,cov_lo_0.99_low,cov_hi_0.99_mid,cov_lo_0.99_mid,cov_hi_0.99_high,cov_lo_0.99_high,fold,P,n_fit,fit_seconds,n_rounds,hit_cap,crossing_share
norm,"{""max_depth"": 3, ""min_child_weight"": 30}",base,0.03571,0.21638,0.19391,2,0.36976,0.9075,0.79134,0.14063,0.39567,0.31894,0.2203,0.14556,0.07718,0.23027,0.21992,0.19902,0.88083,0.81694,0.06389,0.00056,0.8175,consistent,0.92088,0.84764,0.88449,0.80033,0.8375,0.80333,0.9425,0.91167,0.03083,0.0,0.91167,consistent,0.9697,0.92424,0.93564,0.90677,0.9225,0.90417,0.96806,0.955,0.01306,0.0,0.955,consistent,0.98485,0.97222,0.96452,0.94719,0.955,0.94583,0.99722,0.99667,0.00056,0.0,0.99667,consistent,0.99832,0.99747,0.99835,0.99752,0.995,0.995,F1,7,266571,240.9,1000,True,0.0
norm,"{""max_depth"": 3, ""min_child_weight"": 30}",base,0.03571,0.21755,0.19273,2,0.34363,0.89444,0.77799,0.14283,0.38899,0.31376,0.21715,0.14748,0.0951,0.23102,0.22106,0.20064,0.87472,0.82167,0.05306,0.0,0.82167,consistent,0.9234,0.8468,0.86469,0.80693,0.83667,0.81167,0.9425,0.91944,0.02306,0.0,0.91944,consistent,0.96801,0.94024,0.94142,0.90924,0.91833,0.90917,0.96972,0.9625,0.00722,0.0,0.9625,consistent,0.98485,0.97896,0.96617,0.9571,0.95833,0.95167,0.99806,0.99722,0.00083,0.0,0.99722,consistent,0.99916,0.99747,0.99917,0.99835,0.99583,0.99583,F1,10,265671,263.1,1000,True,0.0
norm,"{""max_depth"": 3, ""min_child_weight"": 30}",base,0.03571,0.23038,0.20535,2,0.31687,0.87417,0.8117,0.15442,0.40585,0.32892,0.22935,0.15387,0.10989,0.23433,0.24091,0.21573,0.86194,0.82778,0.03417,0.0,0.82778,consistent,0.90657,0.85101,0.84323,0.81601,0.83667,0.81667,0.93083,0.91083,0.02,0.0,0.91083,consistent,0.96296,0.93855,0.91667,0.89191,0.91333,0.9025,0.96389,0.95694,0.00694,0.0,0.95694,consistent,0.98485,0.97475,0.95132,0.94307,0.95583,0.95333,0.9975,0.99722,0.00028,0.0,0.99722,consistent,1.0,1.0,0.99752,0.9967,0.995,0.995,F1,14,264471,255.9,1000,True,0.0
norm,"{""max_depth"": 3, ""min_child_weight"": 30}",base,0.03571,0.2409,0.19322,2,0.4011,0.90111,0.85007,0.1437,0.42503,0.35841,0.25629,0.17617,0.08581,0.24501,0.23902,0.23875,0.87,0.80917,0.06083,0.00083,0.81,consistent,0.90825,0.82071,0.86716,0.80363,0.835,0.80333,0.93417,0.89944,0.03472,0.0,0.89944,consistent,0.95875,0.91246,0.93812,0.89934,0.90583,0.88667,0.96417,0.95,0.01417,0.0,0.95,consistent,0.98148,0.96717,0.967,0.94967,0.94417,0.93333,0.99556,0.99556,0.0,0.0,0.99556,consistent,0.99916,0.99916,0.99422,0.99422,0.99333,0.99333,F2,7,291771,288.7,1000,True,0.0
norm,"{""max_depth"": 3, ""min_child_weight"": 30}",base,0.03571,0.23681,0.18941,2,0.36784,0.88667,0.82126,0.14539,0.41063,0.34794,0.24801,0.17213,0.09675,0.24255,0.24062,0.22723,0.86111,0.81306,0.04806,0.00056,0.81361,consistent,0.91162,0.83418,0.85479,0.81271,0.8175,0.7925,0.92972,0.90194,0.02778,0.0,0.90194,consistent,0.9596,0.92508,0.93069,0.89521,0.89917,0.88583,0.96556,0.95194,0.01361,0.0,0.95194,consistent,0.98485,0.9697,0.96782,0.94884,0.94417,0.9375,0.99611,0.99556,0.00056,0.0,0.99556,consistent,0.99916,0.99832,0.99587,0.99505,0.99333,0.99333,F2,10,290871,295.8,1000,True,0.0
norm,"{""max_depth"": 3, ""min_child_weight"": 30}",base,0.03571,0.25339,0.20025,2,0.35051,0.875,0.86742,0.1605,0.43371,0.3642,0.26199,0.18243,0.11753,0.2559,0.25593,0.24833,0.8575,0.81056,0.04694,0.00056,0.81111,consistent,0.90067,0.82744,0.85891,0.81271,0.81333,0.79167,0.92417,0.90306,0.02111,0.0,0.90306,consistent,0.95539,0.92929,0.93069,0.90924,0.88667,0.87083,0.95944,0.94944,0.01,0.0,0.94944,consistent,0.98569,0.97306,0.96122,0.9505,0.93167,0.925,0.99611,0.99556,0.00056,0.0,0.99556,consistent,0.99916,0.99832,0.9967,0.99587,0.9925,0.9925,F2,14,289671,297.8,1000,True,0.0
norm,"{""max_depth"": 3, ""min_child_weight"": 30}",base,0.03571,0.23148,0.19723,1,0.40042,0.89778,0.85895,0.14679,0.42947,0.34996,0.2376,0.14986,0.07523,0.24114,0.23369,0.2198,0.85694,0.7925,0.06444,0.0,0.7925,consistent,0.91498,0.82997,0.84241,0.7698,0.81417,0.77833,0.92833,0.89167,0.03667,0.0,0.89167,consistent,0.9596,0.91414,0.91997,0.87706,0.90583,0.88417,0.96611,0.94444,0.02167,0.0,0.94444,consistent,0.98316,0.95623,0.96617,0.93812,0.94917,0.93917,0.9975,0.99667,0.00083,0.0,0.99667,consistent,0.99832,0.99747,0.99752,0.99587,0.99667,0.99667,F3,7,323271,331.0,999,False,0.0
norm,"{""max_depth"": 3, ""min_child_weight"": 30}",base,0.03571,0.23104,0.19799,1,0.36835,0.88083,0.8399,0.153,0.41995,0.34358,0.23178,0.14676,0.09118,0.23658,0.23514,0.22148,0.85222,0.79389,0.05833,0.00167,0.79556,consistent,0.90572,0.84091,0.83168,0.7698,0.82,0.77167,0.91611,0.88528,0.03083,0.00028,0.88556,consistent,0.95034,0.91246,0.90017,0.86304,0.89833,0.88083,0.96389,0.94722,0.01667,0.0,0.94722,consistent,0.98316,0.96044,0.95792,0.93729,0.95083,0.94417,0.99806,0.9975,0.00056,0.0,0.9975,consistent,0.99916,0.99832,0.99917,0.99835,0.99583,0.99583,F3,10,322371,328.1,1000,True,0.0
norm,"{""max_depth"": 3, ""min_child_weight"": 30}",base,0.03571,0.24336,0.2066,1,0.33477,0.86556,0.8856,0.1653,0.4428,0.35615,0.23855,0.15041,0.10694,0.25076,0.24809,0.23133,0.82778,0.78222,0.04556,0.00028,0.7825,consistent,0.883,0.82323,0.80446,0.75413,0.79667,0.77,0.91833,0.88694,0.03139,0.0,0.88694,consistent,0.94444,0.91077,0.90512,0.86386,0.90583,0.88667,0.96,0.94361,0.01639,0.0,0.94361,consistent,0.98064,0.96212,0.95462,0.92904,0.945,0.94,0.99722,0.99722,0.0,0.0,0.99722,consistent,0.99916,0.99916,0.99752,0.99752,0.995,0.995,F3,14,321171,316.4,1000,True,0.0
norm,"{""max_depth"": 3, ""min_child_weight"": 30}",base,0.03571,0.32917,0.20009,0,0.38549,0.90528,1.31904,0.24811,0.65952,0.48643,0.28968,0.17994,0.11137,0.55866,0.22618,0.20601,0.865,0.79083,0.07417,0.0,0.79083,consistent,0.90825,0.79461,0.86139,0.79208,0.82583,0.78583,0.93944,0.90333,0.03611,0.0,0.90333,consistent,0.96044,0.90404,0.94142,0.90182,0.91667,0.90417,0.96778,0.95333,0.01444,0.0,0.95333,consistent,0.97896,0.96044,0.9703,0.9571,0.95417,0.9425,0.9975,0.99639,0.00111,0.0,0.99639,consistent,0.99747,0.99663,0.99917,0.99835,0.99583,0.99417,F4,7,348471,345.3,1000,True,0.0
norm,"{""max_depth"": 3, ""min_child_weight"": 30}",base,0.03571,0.39146,0.19795,0,0.36524,0.88833,1.49501,0.29022,0.7475,0.59306,0.3829,0.18834,0.14673,0.73231,0.23508,0.21196,0.85806,0.80167,0.05639,0.0,0.80167,consistent,0.89731,0.81061,0.85231,0.80198,0.825,0.7925,0.92833,0.90306,0.02528,0.0,0.90306,consistent,0.94697,0.91162,0.92739,0.89604,0.91083,0.90167,0.96861,0.95278,0.01583,0.0,0.95278,consistent,0.98316,0.95707,0.96617,0.9505,0.95667,0.95083,0.9975,0.99694,0.00056,0.0,0.99694,consistent,0.99747,0.99663,1.0,0.99917,0.995,0.995,F4,10,347571,363.8,1000,True,0.0
norm,"{""max_depth"": 3, ""min_child_weight"": 30}",base,0.03571,0.46513,0.20982,0,0.35261,0.86889,1.9581,0.36631,0.97905,0.65996,0.39711,0.19916,0.18919,0.91518,0.24972,0.23715,0.83194,0.77944,0.0525,0.0,0.77944,consistent,0.88215,0.80219,0.82013,0.76815,0.79417,0.76833,0.91639,0.89083,0.02556,0.0,0.89083,consistent,0.9436,0.91246,0.91419,0.88366,0.89167,0.87667,0.96167,0.95056,0.01111,0.0,0.95056,consistent,0.9798,0.96044,0.95875,0.95215,0.94667,0.93917,0.99722,0.99583,0.00139,0.0,0.99583,consistent,0.99747,0.99579,1.0,0.99917,0.99417,0.9925,F4,14,346371,370.5,1000,True,0.0
raw,"{""max_depth"": 3, ""min_child_weight"": 30}",base,,0.22783,0.20209,2,0.37136,0.91056,0.79479,0.14397,0.3974,0.32236,0.21874,0.14293,0.14161,0.26345,0.22878,0.19161,0.87611,0.81778,0.05833,0.0,0.81778,consistent,0.92172,0.84933,0.87046,0.7962,0.83667,0.80833,0.945,0.91139,0.03361,0.0,0.91139,consistent,0.97391,0.92172,0.93812,0.90759,0.92333,0.905,0.97361,0.95944,0.01417,0.0,0.95944,consistent,0.99074,0.97643,0.96947,0.95132,0.96083,0.95083,0.99944,0.99944,0.0,0.0,0.99944,consistent,1.0,1.0,1.0,1.0,0.99833,0.99833,F1,7,266571,206.9,1000,True,0.0
raw,"{""max_depth"": 6, ""min_child_weight"": 5}",base,,0.22404,0.19568,2,0.36577,0.89361,0.78428,0.14375,0.39214,0.31275,0.21769,0.14082,0.13708,0.2601,0.22438,0.18799,0.87167,0.81333,0.05833,0.0,0.81333,consistent,0.91498,0.84848,0.87624,0.80776,0.82417,0.78417,0.93861,0.90333,0.03528,0.0,0.90333,consistent,0.97054,0.92761,0.93647,0.89934,0.90917,0.88333,0.97,0.95556,0.01444,0.0,0.95556,consistent,0.98906,0.97222,0.96782,0.94967,0.95333,0.945,0.99806,0.99806,0.0,0.0,0.99806,consistent,1.0,1.0,1.0,1.0,0.99417,0.99417,F1,7,266571,326.2,1000,True,0.0
norm,"{""max_depth"": 6, ""min_child_weight"": 5}",base,0.14286,0.20995,0.18334,2,0.36432,0.89,0.78435,0.14344,0.39217,0.31945,0.21569,0.13696,0.05196,0.2267,0.21402,0.18921,0.87028,0.80444,0.06583,0.00222,0.80667,consistent,0.91162,0.84259,0.87294,0.7929,0.82667,0.77833,0.93639,0.89806,0.03833,0.00111,0.89917,consistent,0.9638,0.91162,0.93152,0.88944,0.91417,0.89333,0.96889,0.95167,0.01722,0.0,0.95167,consistent,0.98064,0.96296,0.96535,0.94472,0.96083,0.9475,0.99583,0.99444,0.00139,0.0,0.99444,consistent,0.99663,0.99579,0.9967,0.99422,0.99417,0.99333,F1,7,266571,345.3,959,False,0.0
raw,"{""max_depth"": 6, ""min_child_weight"": 30}",base,,0.22319,0.19665,2,0.34063,0.87722,0.77434,0.14472,0.38717,0.30527,0.21331,0.13824,0.1504,0.26324,0.22243,0.18431,0.87139,0.81917,0.05222,0.00028,0.81944,consistent,0.91919,0.84343,0.86139,0.81106,0.83417,0.80333,0.93417,0.9075,0.02667,0.0,0.9075,consistent,0.96296,0.9335,0.92904,0.89686,0.91083,0.8925,0.97139,0.9575,0.01389,0.0,0.9575,consistent,0.98653,0.97222,0.97277,0.9538,0.955,0.94667,0.9975,0.9975,0.0,0.0,0.9975,consistent,1.0,1.0,1.0,1.0,0.9925,0.9925,F1,10,265671,309.0,1000,True,0.0
norm,"{""max_depth"": 6, ""min_child_weight"": 30}",base,0.14286,0.2059,0.17824,2,0.33893,0.86528,0.76756,0.14595,0.38378,0.30683,0.21009,0.13554,0.05323,0.22257,0.20986,0.18537,0.86361,0.80333,0.06028,0.00222,0.80556,consistent,0.91246,0.8266,0.85644,0.7929,0.8225,0.79083,0.93028,0.90361,0.02667,0.0,0.90361,consistent,0.95286,0.91919,0.92327,0.89191,0.915,0.9,0.96694,0.95139,0.01556,0.0,0.95139,consistent,0.98316,0.96465,0.96287,0.94472,0.955,0.945,0.9975,0.99611,0.00139,0.0,0.99611,consistent,0.99832,0.99663,0.99752,0.99505,0.99667,0.99667,F1,10,265671,323.8,998,False,0.0
raw,"{""max_depth"": 3, ""min_child_weight"": 5}",base,,0.24057,0.2179,2,0.31568,0.8825,0.8169,0.15735,0.40845,0.3264,0.22804,0.15068,0.17249,0.27655,0.2451,0.20033,0.86861,0.82778,0.04083,0.0,0.82778,consistent,0.92088,0.86195,0.84983,0.81188,0.83583,0.81,0.93611,0.91611,0.02,0.0,0.91611,consistent,0.96549,0.94276,0.92162,0.89356,0.92167,0.9125,0.96694,0.95833,0.00861,0.0,0.95833,consistent,0.98906,0.98232,0.95545,0.94554,0.95667,0.9475,0.99861,0.99861,0.0,0.0,0.99861,consistent,1.0,1.0,1.0,1.0,0.99583,0.99583,F1,14,264471,224.5,1000,True,0.0
norm,"{""max_depth"": 3, ""min_child_weight"": 5}",base,0.14286,0.22182,0.19305,2,0.31702,0.87306,0.81114,0.15483,0.40557,0.32745,0.22838,0.15194,0.06275,0.23038,0.2316,0.20337,0.86306,0.82806,0.035,0.00083,0.82889,consistent,0.91414,0.85943,0.84488,0.81518,0.83083,0.81,0.92972,0.91417,0.01556,0.0,0.91417,consistent,0.96212,0.9436,0.91502,0.89686,0.9125,0.9025,0.96389,0.95417,0.00972,0.0,0.95417,consistent,0.98316,0.96801,0.9538,0.94637,0.955,0.94833,0.99583,0.99583,0.0,0.0,0.99583,consistent,0.99916,0.99916,0.9934,0.9934,0.995,0.995,F1,14,264471,250.0,1000,True,0.0
raw,"{""max_depth"": 3, ""min_child_weight"": 30}",base,,0.25254,0.2,2,0.40351,0.90333,0.85388,0.14634,0.42694,0.36169,0.25363,0.1728,0.15385,0.28055,0.24408,0.23346,0.87278,0.81333,0.05944,0.0,0.81333,consistent,0.91498,0.83418,0.87541,0.81271,0.82833,0.79333,0.93778,0.90528,0.0325,0.0,0.90528,consistent,0.96128,0.92003,0.94224,0.90429,0.91,0.89167,0.96972,0.95417,0.01556,0.0,0.95417,consistent,0.98653,0.97222,0.97607,0.96122,0.94667,0.92917,0.99722,0.99667,0.00056,0.0,0.99667,consistent,1.0,1.0,0.99917,0.99917,0.9925,0.99083,F2,7,291771,237.3,1000,True,0.0
raw,"{""max_depth"": 6, ""min_child_weight"": 5}",base,,0.24984,0.19897,2,0.39378,0.8925,0.8366,0.14538,0.4183,0.35842,0.25325,0.1729,0.15079,0.27707,0.23755,0.23543,0.865,0.80306,0.06194,0.00083,0.80389,consistent,0.91751,0.84007,0.87294,0.81106,0.805,0.75833,0.92917,0.89361,0.03556,0.0,0.89361,consistent,0.96465,0.92088,0.93482,0.89356,0.88833,0.86667,0.96194,0.94667,0.01528,0.0,0.94667,consistent,0.98822,0.9697,0.97195,0.95545,0.92583,0.915,0.99722,0.99639,0.00083,0.0,0.99639,consistent,1.0,1.0,1.0,0.99917,0.99167,0.99,F2,7,291771,292.1,1000,True,0.0
norm,"{""max_depth"": 6, ""min_child_weight"": 5}",base,0.14286,0.23261,0.18605,2,0.39439,0.89611,0.83619,0.14464,0.4181,0.35376,0.24773,0.16674,0.06468,0.23958,0.22805,0.23035,0.86389,0.80167,0.06222,0.00278,0.80444,consistent,0.91498,0.82912,0.86139,0.80116,0.81583,0.775,0.93111,0.89056,0.04056,0.00028,0.89083,consistent,0.96044,0.91582,0.93234,0.88284,0.90083,0.87333,0.96194,0.94583,0.01611,0.0,0.94583,consistent,0.98232,0.96296,0.96535,0.94637,0.93833,0.92833,0.99194,0.99083,0.00111,0.0,0.99083,consistent,0.99579,0.99411,0.99422,0.99257,0.98583,0.98583,F2,7,291771,337.6,1000,True,0.0
raw,"{""max_depth"": 6, ""min_child_weight"": 30}",base,,0.24416,0.19751,2,0.35885,0.88444,0.8058,0.14575,0.4029,0.34334,0.2468,0.16628,0.15989,0.27884,0.23445,0.21974,0.85222,0.79889,0.05333,0.00194,0.80083,consistent,0.91919,0.84091,0.85561,0.80858,0.7825,0.7475,0.92583,0.89667,0.02917,0.0,0.89667,consistent,0.96549,0.93266,0.92987,0.90099,0.8825,0.85667,0.96528,0.9525,0.01278,0.0,0.9525,consistent,0.9899,0.97475,0.9703,0.95462,0.93583,0.92833,0.99639,0.99611,0.00028,0.0,0.99611,consistent,1.0,1.0,0.99917,0.99917,0.99,0.98917,F2,10,290871,285.6,1000,True,0.0
norm,"{""max_depth"": 6, ""min_child_weight"": 30}",base,0.14286,0.22495,0.17652,2,0.36085,0.88694,0.8079,0.14473,0.40395,0.33742,0.23985,0.16032,0.06344,0.23394,0.22439,0.21663,0.85361,0.80083,0.05278,0.00528,0.80556,consistent,0.91751,0.84091,0.85066,0.7962,0.79333,0.76583,0.9275,0.89722,0.03028,0.0,0.89722,consistent,0.9638,0.93098,0.92492,0.89026,0.89417,0.87083,0.95917,0.94389,0.01528,0.0,0.94389,consistent,0.98148,0.96465,0.96122,0.94142,0.935,0.92583,0.99556,0.99361,0.00194,0.0,0.99361,consistent,0.99579,0.99411,0.99752,0.99587,0.99333,0.99083,F2,10,290871,339.6,1000,True,0.0
raw,"{""max_depth"": 3, ""min_child_weight"": 5}",base,,0.2648,0.21342,2,0.34276,0.87806,0.86876,0.16397,0.43438,0.36396,0.26267,0.1791,0.18468,0.30283,0.25739,0.2347,0.85944,0.81,0.04944,0.0025,0.8125,consistent,0.90993,0.83333,0.86304,0.82673,0.80583,0.77,0.93222,0.90917,0.02306,0.0,0.90917,consistent,0.96549,0.94024,0.94059,0.91007,0.89083,0.8775,0.96167,0.95444,0.00722,0.0,0.95444,consistent,0.98232,0.97811,0.96865,0.95957,0.93417,0.92583,0.99583,0.99583,0.0,0.0,0.99583,consistent,1.0,1.0,1.0,1.0,0.9875,0.9875,F2,14,289671,244.8,1000,True,0.0
norm,"{""max_depth"": 3, ""min_child_weight"": 5}",base,0.14286,0.24644,0.19101,2,0.35691,0.87722,0.87364,0.16069,0.43682,0.36221,0.26122,0.18067,0.07701,0.25067,0.24764,0.24102,0.855,0.81194,0.04306,0.00306,0.815,consistent,0.90488,0.83586,0.85231,0.81436,0.80833,0.78583,0.92667,0.90278,0.02389,0.00111,0.90389,consistent,0.96128,0.92508,0.92739,0.90759,0.89167,0.87583,0.95806,0.94806,0.01,0.0,0.94806,consistent,0.98485,0.9697,0.96122,0.95215,0.92833,0.9225,0.99444,0.99361,0.00083,0.0,0.99361,consistent,0.99579,0.99411,0.9967,0.99587,0.99083,0.99083,F2,14,289671,280.5,1000,True,0.0
raw,"{""max_depth"": 3, ""min_child_weight"": 30}",base,,0.24353,0.20985,1,0.40103,0.90028,0.86475,0.14854,0.43238,0.35501,0.23969,0.14917,0.1364,0.27727,0.23927,0.21477,0.86028,0.80056,0.05972,0.0,0.80056,consistent,0.91582,0.84175,0.84488,0.7731,0.82083,0.7875,0.92889,0.89528,0.03361,0.0,0.89528,consistent,0.95875,0.91835,0.92327,0.88696,0.905,0.88083,0.96778,0.94806,0.01972,0.0,0.94806,consistent,0.98653,0.96549,0.96452,0.94224,0.9525,0.93667,0.99889,0.99861,0.00028,0.0,0.99861,consistent,1.0,1.0,1.0,1.0,0.99667,0.99583,F3,7,323271,265.2,1000,True,0.0
raw,"{""max_depth"": 6, ""min_child_weight"": 5}",base,,0.24175,0.20476,1,0.39968,0.88583,0.85285,0.15135,0.42643,0.34806,0.24011,0.15264,0.13192,0.27035,0.23459,0.22096,0.86333,0.79722,0.06611,0.00083,0.79806,consistent,0.91582,0.82239,0.85314,0.78548,0.82167,0.78417,0.93028,0.89444,0.03583,0.0,0.89444,consistent,0.96296,0.92088,0.92822,0.89191,0.9,0.87083,0.96361,0.945,0.01861,0.0,0.945,consistent,0.98401,0.96549,0.96452,0.94142,0.9425,0.92833,0.9975,0.99722,0.00028,0.0,0.99722,consistent,1.0,1.0,1.0,1.0,0.9925,0.99167,F3,7,323271,312.0,1000,True,0.0
norm,"{""max_depth"": 6, ""min_child_weight"": 5}",base,0.14286,0.22511,0.18882,1,0.40148,0.8825,0.85364,0.15174,0.42682,0.34656,0.23242,0.14514,0.04798,0.23317,0.22587,0.21645,0.86083,0.79361,0.06722,0.00139,0.795,consistent,0.91667,0.82155,0.84488,0.7698,0.82167,0.79,0.92972,0.89333,0.03639,0.0,0.89333,consistent,0.95875,0.91414,0.92409,0.87954,0.90667,0.88667,0.96472,0.94167,0.02306,0.0,0.94167,consistent,0.98148,0.95118,0.96205,0.93812,0.95083,0.93583,0.99611,0.99361,0.0025,0.0,0.99361,consistent,0.99747,0.99411,0.99587,0.99175,0.995,0.995,F3,7,323271,371.3,1000,True,0.0
raw,"{""max_depth"": 6, ""min_child_weight"": 30}",base,,0.23746,0.20616,1,0.36812,0.87306,0.83092,0.15649,0.41546,0.33692,0.22636,0.14406,0.14545,0.26502,0.2311,0.21687,0.85194,0.79722,0.05472,0.0,0.79722,consistent,0.90741,0.83333,0.84323,0.78135,0.80583,0.7775,0.92083,0.88667,0.03417,0.0,0.88667,consistent,0.96044,0.92003,0.91584,0.87211,0.88667,0.86833,0.95833,0.94389,0.01444,0.0,0.94389,consistent,0.98232,0.96717,0.95957,0.93977,0.93333,0.925,0.9975,0.99694,0.00056,0.0,0.99694,consistent,1.0,1.0,1.0,1.0,0.9925,0.99083,F3,10,322371,319.7,1000,True,0.0
norm,"{""max_depth"": 6, ""min_child_weight"": 30}",base,0.14286,0.21931,0.1797,1,0.36597,0.86194,0.82576,0.15737,0.41288,0.33251,0.22362,0.13871,0.05076,0.22318,0.22115,0.21365,0.84528,0.79111,0.05417,0.00222,0.79333,consistent,0.90572,0.83923,0.82838,0.76403,0.8025,0.77083,0.91306,0.87944,0.03361,0.00056,0.88,consistent,0.95118,0.90152,0.90099,0.86304,0.8875,0.87417,0.95972,0.93611,0.02361,0.00028,0.93639,consistent,0.97727,0.95202,0.95792,0.92574,0.94417,0.93083,0.99694,0.99556,0.00139,0.0,0.99556,consistent,0.99747,0.99747,0.9967,0.99422,0.99667,0.995,F3,10,322371,391.2,1000,True,0.0
raw,"{""max_depth"": 3, ""min_child_weight"": 5}",base,,0.25586,0.22208,1,0.33437,0.87222,0.88792,0.16972,0.44396,0.35996,0.2406,0.15268,0.16827,0.29593,0.24922,0.22332,0.83972,0.7875,0.05222,0.0,0.7875,consistent,0.90067,0.82576,0.81023,0.75578,0.80917,0.78167,0.91722,0.89306,0.02417,0.0,0.89306,consistent,0.95034,0.91835,0.90924,0.88036,0.8925,0.88083,0.96194,0.94944,0.0125,0.0,0.94944,consistent,0.98485,0.97138,0.9571,0.93977,0.94417,0.9375,0.9975,0.99722,0.00028,0.0,0.99722,consistent,1.0,1.0,1.0,1.0,0.9925,0.99167,F3,14,321171,263.4,1000,True,0.0
norm,"{""max_depth"": 3, ""min_child_weight"": 5}",base,0.14286,0.23409,0.19937,1,0.33456,0.86417,0.88317,0.1655,0.44159,0.35315,0.23693,0.14815,0.05925,0.24294,0.23865,0.22082,0.82944,0.78361,0.04583,0.00333,0.78639,consistent,0.88889,0.82744,0.80528,0.7599,0.795,0.76417,0.91694,0.885,0.03194,0.0,0.885,consistent,0.94529,0.90909,0.90099,0.86221,0.905,0.88417,0.95833,0.94278,0.01556,0.0,0.94278,consistent,0.9798,0.96128,0.94719,0.92739,0.94833,0.94,0.99667,0.99611,0.00056,0.0,0.99611,consistent,0.99832,0.99832,0.99752,0.99587,0.99417,0.99417,F3,14,321171,303.7,1000,True,0.0
raw,"{""max_depth"": 3, ""min_child_weight"": 30}",base,,0.34401,0.20812,0,0.38312,0.9075,1.29373,0.25095,0.64686,0.50117,0.31,0.19158,0.16351,0.60343,0.2318,0.20052,0.86222,0.79056,0.07167,0.0,0.79056,consistent,0.91162,0.81145,0.86386,0.78383,0.81167,0.77667,0.93944,0.89972,0.03972,0.0,0.89972,consistent,0.9596,0.91246,0.94142,0.89769,0.9175,0.88917,0.97056,0.955,0.01556,0.0,0.955,consistent,0.97896,0.9638,0.97277,0.95545,0.96,0.94583,0.99889,0.99889,0.0,0.0,0.99889,consistent,1.0,1.0,1.0,1.0,0.99667,0.99667,F4,7,348471,294.0,1000,True,0.0
raw,"{""max_depth"": 6, ""min_child_weight"": 5}",base,,0.34204,0.20178,0,0.38221,0.90111,1.28398,0.24458,0.64199,0.49935,0.30887,0.19232,0.16514,0.59056,0.22937,0.20982,0.86222,0.785,0.07722,0.0,0.785,consistent,0.91498,0.7963,0.85479,0.7797,0.8175,0.77917,0.935,0.89861,0.03639,0.0,0.89861,consistent,0.96212,0.91751,0.93152,0.89356,0.91167,0.885,0.96639,0.95083,0.01556,0.0,0.95083,consistent,0.97896,0.96465,0.97112,0.94719,0.94917,0.94083,0.99667,0.99667,0.0,0.0,0.99667,consistent,1.0,1.0,1.0,1.0,0.99,0.99,F4,7,348471,340.5,1000,True,0.0
norm,"{""max_depth"": 6, ""min_child_weight"": 5}",base,0.14286,0.31984,0.19226,0,0.38342,0.89722,1.27177,0.24055,0.63589,0.49625,0.29289,0.18781,0.06564,0.54284,0.21944,0.20046,0.86111,0.77722,0.08389,0.0,0.77722,consistent,0.90909,0.7803,0.85396,0.76898,0.82083,0.7825,0.93528,0.89833,0.03694,0.0,0.89833,consistent,0.96128,0.90741,0.93069,0.89026,0.91417,0.8975,0.96667,0.94972,0.01694,0.0,0.94972,consistent,0.97727,0.95539,0.967,0.94719,0.95583,0.94667,0.99639,0.99389,0.0025,0.0,0.99389,consistent,0.99832,0.99242,0.9967,0.99587,0.99417,0.99333,F4,7,348471,395.1,992,False,0.0
raw,"{""max_depth"": 6, ""min_child_weight"": 30}",base,,0.41239,0.20434,0,0.35412,0.88139,1.44125,0.28311,0.72062,0.6036,0.41929,0.25408,0.19363,0.7883,0.23803,0.21635,0.84806,0.7875,0.06056,0.0,0.7875,consistent,0.89226,0.79798,0.83828,0.78465,0.81417,0.78,0.92194,0.88917,0.03278,0.0,0.88917,consistent,0.9537,0.90572,0.91007,0.87706,0.9025,0.885,0.96444,0.94722,0.01722,0.0,0.94722,consistent,0.98148,0.96633,0.9637,0.93564,0.94833,0.94,0.99722,0.99722,0.0,0.0,0.99722,consistent,1.0,1.0,1.0,1.0,0.99167,0.99167,F4,10,347571,343.6,1000,True,0.0
norm,"{""max_depth"": 6, ""min_child_weight"": 30}",base,0.14286,0.39069,0.18685,0,0.36228,0.88167,1.44735,0.27881,0.72367,0.60397,0.42534,0.23632,0.07601,0.74571,0.22568,0.20586,0.84917,0.78083,0.06833,0.00056,0.78139,consistent,0.883,0.79125,0.83828,0.76815,0.82667,0.78333,0.92361,0.88694,0.03667,0.0,0.88694,consistent,0.94697,0.89226,0.91337,0.87376,0.91083,0.895,0.96417,0.94833,0.01583,0.0,0.94833,consistent,0.97643,0.95875,0.95792,0.94059,0.95833,0.94583,0.99667,0.99389,0.00278,0.0,0.99389,consistent,0.99663,0.99411,0.99752,0.9934,0.99583,0.99417,F4,10,347571,435.7,1000,True,0.0
raw,"{""max_depth"": 3, ""min_child_weight"": 5}",base,,0.49525,0.2213,0,0.34485,0.86778,1.8711,0.3613,0.93555,0.74798,0.44548,0.2551,0.22608,1.00039,0.25528,0.23753,0.82972,0.78472,0.045,0.0,0.78472,consistent,0.87542,0.81481,0.82096,0.77145,0.79333,0.76833,0.91611,0.88806,0.02806,0.0,0.88806,consistent,0.95034,0.91162,0.91419,0.88366,0.88417,0.86917,0.96056,0.94806,0.0125,0.0,0.94806,consistent,0.9798,0.96296,0.95792,0.94554,0.94417,0.93583,0.99806,0.99806,0.0,0.0,0.99806,consistent,1.0,1.0,1.0,1.0,0.99417,0.99417,F4,14,346371,256.3,1000,True,0.0
norm,"{""max_depth"": 3, ""min_child_weight"": 5}",base,0.14286,0.45007,0.20122,0,0.35166,0.87194,1.93111,0.36653,0.96556,0.66388,0.39609,0.20991,0.09844,0.89053,0.23906,0.22712,0.82972,0.77917,0.05056,0.00083,0.78,consistent,0.87795,0.80556,0.82096,0.76898,0.79083,0.76333,0.91917,0.88806,0.03111,0.0,0.88806,consistent,0.94613,0.90488,0.91419,0.88284,0.8975,0.87667,0.96222,0.94861,0.01361,0.0,0.94861,consistent,0.97391,0.95623,0.96452,0.9505,0.94833,0.93917,0.99556,0.99472,0.00083,0.0,0.99472,consistent,0.99495,0.99495,0.99752,0.99752,0.99417,0.99167,F4,14,346371,281.7,1000,True,0.0
norm,"{""max_depth"": 6, ""min_child_weight"": 30}",ev,0.14286,0.20841,0.18261,2,0.36296,0.89139,0.78081,0.14221,0.3904,0.31417,0.21496,0.13773,0.05096,0.22461,0.21308,0.18761,0.87333,0.80611,0.06722,0.00167,0.80778,consistent,0.9133,0.83923,0.87211,0.79125,0.835,0.78833,0.9375,0.89778,0.03972,0.00111,0.89889,consistent,0.96296,0.90993,0.93317,0.89274,0.91667,0.89083,0.96806,0.95083,0.01722,0.0,0.95083,consistent,0.98064,0.96212,0.96617,0.94472,0.9575,0.94583,0.99639,0.99444,0.00194,0.0,0.99444,consistent,0.99747,0.99579,0.9967,0.99422,0.995,0.99333,F1,7,266571,363.7,1000,True,0.0
norm,"{""max_depth"": 6, ""min_child_weight"": 30}",xs,0.14286,0.20514,0.17895,2,0.34042,0.86389,0.77007,0.14652,0.38504,0.30583,0.20709,0.13317,0.05317,0.21934,0.20899,0.18714,0.86556,0.80167,0.06389,0.0025,0.80417,consistent,0.90825,0.81818,0.86139,0.79373,0.8275,0.79333,0.93139,0.90472,0.02667,0.0,0.90472,consistent,0.95202,0.92256,0.92822,0.89191,0.91417,0.9,0.96583,0.95194,0.01389,0.0,0.95194,consistent,0.98316,0.9638,0.96287,0.94554,0.95167,0.94667,0.99639,0.99472,0.00167,0.0,0.99472,consistent,0.99832,0.99495,0.99505,0.9934,0.99583,0.99583,F1,10,265671,324.5,1000,True,0.0
norm,"{""max_depth"": 6, ""min_child_weight"": 30}",ev,0.14286,0.23197,0.18526,2,0.39251,0.89667,0.83098,0.14327,0.41549,0.35293,0.24804,0.16732,0.06478,0.23757,0.22847,0.23,0.86083,0.79806,0.06278,0.00472,0.80278,consistent,0.91582,0.8266,0.85644,0.79208,0.81083,0.77583,0.93,0.88889,0.04111,0.00111,0.89,consistent,0.96044,0.9133,0.93152,0.87706,0.89833,0.87667,0.96,0.94444,0.01556,0.0,0.94444,consistent,0.98064,0.96128,0.96287,0.94554,0.93667,0.92667,0.9925,0.99111,0.00139,0.0,0.99111,consistent,0.99663,0.99411,0.99422,0.99257,0.98667,0.98667,F2,7,291771,404.5,1000,True,0.0
norm,"{""max_depth"": 6, ""min_child_weight"": 30}",xs,0.14286,0.22556,0.17665,2,0.36135,0.88111,0.81042,0.14515,0.40521,0.34024,0.24047,0.15885,0.06345,0.23607,0.2249,0.21584,0.85472,0.80111,0.05361,0.00528,0.80583,consistent,0.92424,0.84596,0.85231,0.7995,0.78833,0.75833,0.92583,0.89639,0.02944,0.0,0.89639,consistent,0.96212,0.92845,0.92822,0.88861,0.8875,0.8725,0.96139,0.94389,0.0175,0.0,0.94389,consistent,0.98064,0.9638,0.96535,0.94224,0.93833,0.92583,0.99556,0.99333,0.00222,0.0,0.99333,consistent,0.99663,0.99411,0.9967,0.99505,0.99333,0.99083,F2,10,290871,353.1,999,False,0.0
norm,"{""max_depth"": 6, ""min_child_weight"": 30}",ev,0.14286,0.22443,0.1886,1,0.39867,0.88167,0.8507,0.15048,0.42535,0.34517,0.23212,0.14516,0.04828,0.23279,0.22564,0.21501,0.85806,0.79306,0.065,0.00194,0.795,consistent,0.91414,0.82239,0.84323,0.77228,0.8175,0.785,0.92639,0.88944,0.03694,0.0,0.88944,consistent,0.95875,0.91414,0.92162,0.87624,0.89917,0.87833,0.96389,0.9425,0.02139,0.0,0.9425,consistent,0.98148,0.95539,0.96205,0.93647,0.94833,0.93583,0.99611,0.99361,0.0025,0.0,0.99361,consistent,0.99747,0.99411,0.99587,0.99175,0.995,0.995,F3,7,323271,448.1,1000,True,0.0
norm,"{""max_depth"": 6, ""min_child_weight"": 30}",xs,0.14286,0.21795,0.17923,1,0.36454,0.86444,0.82217,0.15656,0.41108,0.32969,0.22313,0.13711,0.05013,0.22251,0.21986,0.21156,0.8475,0.79389,0.05361,0.00083,0.79472,consistent,0.90236,0.84007,0.83003,0.76815,0.81083,0.77417,0.91361,0.88,0.03361,0.0,0.88,consistent,0.95286,0.90067,0.89934,0.86551,0.88917,0.87417,0.96194,0.93806,0.02389,0.0,0.93806,consistent,0.9798,0.95202,0.95957,0.92574,0.94667,0.93667,0.99667,0.99556,0.00111,0.0,0.99556,consistent,0.99747,0.99663,0.99587,0.99422,0.99667,0.99583,F3,10,322371,397.4,999,False,0.0
norm,"{""max_depth"": 6, ""min_child_weight"": 30}",ev,0.14286,0.32027,0.19161,0,0.37896,0.89639,1.26915,0.24031,0.63457,0.4896,0.30649,0.18484,0.06581,0.54641,0.21879,0.19888,0.86056,0.77667,0.08389,0.0025,0.77917,consistent,0.90404,0.77441,0.85231,0.77145,0.82583,0.78417,0.93417,0.89611,0.03806,0.0,0.89611,consistent,0.9596,0.90488,0.92987,0.88944,0.91333,0.89417,0.96694,0.94889,0.01806,0.0,0.94889,consistent,0.97559,0.95539,0.96865,0.94389,0.95667,0.9475,0.99667,0.99389,0.00278,0.0,0.99389,consistent,0.99832,0.99242,0.9967,0.99587,0.995,0.99333,F4,7,348471,488.2,993,False,0.0
norm,"{""max_depth"": 6, ""min_child_weight"": 30}",xs,0.14286,0.39109,0.18531,0,0.3627,0.88056,1.43359,0.27911,0.71679,0.60633,0.4281,0.24137,0.07482,0.74872,0.22542,0.20435,0.84806,0.78333,0.06472,0.0,0.78333,consistent,0.88552,0.79377,0.83911,0.76815,0.82,0.78833,0.92278,0.88639,0.03639,0.0,0.88639,consistent,0.94613,0.89562,0.91254,0.86881,0.91,0.895,0.96333,0.94778,0.01556,0.0,0.94778,consistent,0.97559,0.95623,0.95792,0.93977,0.95667,0.9475,0.99722,0.99389,0.00333,0.0,0.99389,consistent,0.99832,0.99327,0.99752,0.9934,0.99583,0.995,F4,10,347571,422.7,1000,True,0.0
norm,"{""max_depth"": 3, ""min_child_weight"": 30}",base,0.07143,0.21399,0.1917,2,0.36968,0.90667,0.79121,0.14079,0.3956,0.31804,0.21941,0.14466,0.06542,0.22854,0.21777,0.19572,0.87917,0.81694,0.06222,0.00083,0.81778,consistent,0.91751,0.85101,0.88284,0.79868,0.8375,0.80167,0.94222,0.91167,0.03056,0.0,0.91167,consistent,0.96801,0.92761,0.93482,0.90759,0.92417,0.9,0.96806,0.95361,0.01444,0.0,0.95361,consistent,0.98569,0.96886,0.96287,0.94637,0.95583,0.94583,0.99611,0.99556,0.00056,0.0,0.99556,consistent,0.99663,0.99579,0.9967,0.99587,0.995,0.995,F1,7,266571,238.3,1000,True,0.0
norm,"{""max_depth"": 3, ""min_child_weight"": 30}",base,0.07143,0.21308,0.18553,2,0.34358,0.895,0.77831,0.14285,0.38915,0.31413,0.21632,0.1473,0.0687,0.22885,0.21609,0.19438,0.8725,0.82194,0.05056,0.0,0.82194,consistent,0.92256,0.84596,0.86304,0.81271,0.8325,0.8075,0.94222,0.92028,0.02194,0.0,0.92028,consistent,0.96801,0.93771,0.93894,0.91419,0.92,0.90917,0.96889,0.96139,0.0075,0.0,0.96139,consistent,0.98569,0.97811,0.96287,0.95462,0.95833,0.95167,0.99722,0.99667,0.00056,0.0,0.99667,consistent,0.99916,0.99747,0.9967,0.9967,0.99583,0.99583,F1,10,265671,266.0,1000,True,0.0
norm,"{""max_depth"": 3, ""min_child_weight"": 30}",base,0.07143,0.22528,0.19652,2,0.31738,0.87389,0.81259,0.15451,0.40629,0.3285,0.22944,0.15304,0.07989,0.23221,0.2351,0.20841,0.86167,0.82611,0.03556,0.0,0.82611,consistent,0.91077,0.85522,0.84571,0.80941,0.82917,0.81417,0.93,0.91389,0.01611,0.0,0.91389,consistent,0.9596,0.93939,0.91749,0.89851,0.91333,0.90417,0.96389,0.95361,0.01028,0.0,0.95361,consistent,0.98401,0.96801,0.95215,0.94142,0.95583,0.95167,0.99639,0.99611,0.00028,0.0,0.99611,consistent,1.0,1.0,0.99505,0.99422,0.99417,0.99417,F1,14,264471,260.6,1000,True,0.0
norm,"{""max_depth"": 3, ""min_child_weight"": 30}",base,0.07143,0.23958,0.19057,2,0.40077,0.90306,0.84993,0.14378,0.42497,0.35857,0.2564,0.17709,0.07665,0.24445,0.23696,0.23742,0.87056,0.81056,0.06,0.00056,0.81111,consistent,0.90825,0.82407,0.86881,0.80611,0.835,0.80167,0.93611,0.89972,0.03639,0.0,0.89972,consistent,0.96212,0.90993,0.93894,0.89934,0.9075,0.89,0.96306,0.95,0.01306,0.0,0.95,consistent,0.98232,0.96717,0.9637,0.9505,0.94333,0.9325,0.995,0.99417,0.00083,0.0,0.99417,consistent,0.99916,0.99663,0.99505,0.99505,0.99083,0.99083,F2,7,291771,295.2,1000,True,0.0
norm,"{""max_depth"": 3, ""min_child_weight"": 30}",base,0.07143,0.23314,0.18619,2,0.36673,0.88722,0.81957,0.14539,0.40979,0.34722,0.24837,0.17299,0.07509,0.24062,0.23561,0.22322,0.86028,0.8125,0.04778,0.0,0.8125,consistent,0.91414,0.83754,0.85561,0.81271,0.81167,0.7875,0.93028,0.9025,0.02778,0.0,0.9025,consistent,0.9638,0.92593,0.92739,0.90017,0.9,0.88167,0.96472,0.95194,0.01278,0.0,0.95194,consistent,0.98232,0.9697,0.96782,0.94967,0.94417,0.93667,0.99556,0.99444,0.00111,0.0,0.99444,consistent,0.99747,0.99663,0.99752,0.99587,0.99167,0.99083,F2,10,290871,302.0,1000,True,0.0
norm,"{""max_depth"": 3, ""min_child_weight"": 30}",base,0.07143,0.24837,0.19515,2,0.3501,0.87556,0.86682,0.16062,0.43341,0.36255,0.26263,0.1817,0.0893,0.25271,0.25063,0.24176,0.85611,0.81111,0.045,0.00028,0.81139,consistent,0.90236,0.83249,0.85891,0.81518,0.8075,0.78583,0.92528,0.90417,0.02111,0.0,0.90417,consistent,0.96044,0.93266,0.92822,0.90842,0.8875,0.87167,0.95972,0.94944,0.01028,0.0,0.94944,consistent,0.98485,0.97222,0.96205,0.94967,0.9325,0.92667,0.99639,0.99528,0.00111,0.0,0.99528,consistent,0.99916,0.99663,0.99752,0.9967,0.9925,0.9925,F2,14,289671,300.0,1000,True,0.0
norm,"{""max_depth"": 3, ""min_child_weight"": 30}",base,0.07143,0.22898,0.19553,1,0.40071,0.89833,0.85981,0.14667,0.4299,0.34917,0.23719,0.14892,0.06206,0.23945,0.23109,0.21661,0.85583,0.79194,0.06389,0.0,0.79194,consistent,0.91246,0.82828,0.84241,0.76898,0.81333,0.77917,0.92806,0.89111,0.03694,0.0,0.89111,consistent,0.95791,0.91498,0.91997,0.87459,0.90667,0.88417,0.965,0.94444,0.02056,0.0,0.94444,consistent,0.98316,0.95455,0.96287,0.93894,0.94917,0.94,0.99778,0.99556,0.00222,0.0,0.99556,consistent,0.99916,0.99663,0.99752,0.99422,0.99667,0.99583,F3,7,323271,333.4,999,False,0.0
norm,"{""max_depth"": 3, ""min_child_weight"": 30}",base,0.07143,0.22591,0.19038,1,0.36839,0.88194,0.8397,0.1528,0.41985,0.34199,0.23056,0.14585,0.06442,0.23248,0.23008,0.21527,0.8525,0.79389,0.05861,0.0025,0.79611,consistent,0.90572,0.83838,0.83168,0.77228,0.82083,0.77167,0.91722,0.88639,0.03083,0.0,0.88639,consistent,0.95707,0.91414,0.89934,0.86469,0.89583,0.88083,0.96417,0.94833,0.01583,0.0,0.94833,consistent,0.98485,0.9596,0.95462,0.93812,0.95333,0.9475,0.99806,0.99694,0.00111,0.0,0.99694,consistent,0.99916,0.99832,0.99917,0.99752,0.99583,0.995,F3,10,322371,332.5,1000,True,0.0
norm,"{""max_depth"": 3, ""min_child_weight"": 30}",base,0.07143,0.23768,0.20223,1,0.33445,0.86694,0.88456,0.16516,0.44228,0.35412,0.23742,0.14997,0.07712,0.24674,0.24214,0.22429,0.83028,0.78444,0.04583,0.00056,0.78444,consistent,0.88805,0.82239,0.80776,0.75743,0.79583,0.77417,0.91889,0.88778,0.03111,0.0,0.88778,consistent,0.94697,0.91414,0.90512,0.86551,0.905,0.88417,0.95889,0.94417,0.01472,0.0,0.94417,consistent,0.97896,0.95875,0.9505,0.93069,0.9475,0.94333,0.99722,0.99694,0.00028,0.0,0.99694,consistent,0.99916,0.99916,0.99752,0.9967,0.995,0.995,F3,14,321171,320.4,1000,True,0.0
norm,"{""max_depth"": 3, ""min_child_weight"": 30}",base,0.07143,0.32332,0.19727,0,0.38577,0.90389,1.3128,0.24831,0.6564,0.48066,0.28631,0.17746,0.0908,0.54723,0.22309,0.20289,0.86583,0.79083,0.075,0.00056,0.79139,consistent,0.90741,0.7963,0.86469,0.79538,0.82583,0.78083,0.93944,0.90528,0.03417,0.0,0.90528,consistent,0.95875,0.90993,0.94059,0.90182,0.91917,0.90417,0.96833,0.95333,0.015,0.0,0.95333,consistent,0.9798,0.9596,0.97112,0.95627,0.95417,0.94417,0.9975,0.99694,0.00056,0.0,0.99694,consistent,0.99832,0.99663,0.99835,0.99835,0.99583,0.99583,F4,7,348471,351.6,1000,True,0.0
norm,"{""max_depth"": 3, ""min_child_weight"": 30}",base,0.07143,0.38528,0.19268,0,0.36433,0.89,1.4977,0.29024,0.74885,0.59129,0.38935,0.1924,0.09953,0.72527,0.22962,0.2059,0.85861,0.80139,0.05722,0.0,0.80139,consistent,0.89731,0.81145,0.85231,0.80033,0.82667,0.7925,0.93,0.90306,0.02694,0.0,0.90306,consistent,0.95202,0.91246,0.92574,0.89686,0.9125,0.9,0.9675,0.95417,0.01333,0.0,0.95417,consistent,0.9798,0.95791,0.967,0.95132,0.95583,0.95333,0.9975,0.99694,0.00056,0.0,0.99694,consistent,0.99832,0.99663,0.99835,0.99835,0.99583,0.99583,F4,10,347571,372.1,1000,True,0.0
norm,"{""max_depth"": 3, ""min_child_weight"": 30}",base,0.07143,0.45518,0.20463,0,0.35208,0.86972,1.96081,0.36676,0.9804,0.66427,0.3872,0.2,0.13243,0.8974,0.24336,0.23132,0.83056,0.78028,0.05028,0.0,0.78028,consistent,0.87879,0.80219,0.82013,0.77063,0.79333,0.76833,0.91722,0.88861,0.02861,0.0,0.88861,consistent,0.94444,0.90993,0.91419,0.88036,0.89333,0.87583,0.96167,0.94972,0.01194,0.0,0.94972,consistent,0.97811,0.95623,0.9604,0.9505,0.94667,0.9425,0.99583,0.99556,0.00028,0.0,0.99556,consistent,0.99495,0.99495,0.99835,0.99752,0.99417,0.99417,F4,14,346371,363.5,1000,True,0.0
raw,"{""max_depth"": 3, ""min_child_weight"": 5}",base,,0.22782,0.20246,2,0.37149,0.91111,0.79533,0.14405,0.39766,0.32222,0.21851,0.1428,0.14166,0.26356,0.22882,0.19142,0.87611,0.81778,0.05833,0.0,0.81778,consistent,0.92172,0.84848,0.87211,0.79703,0.835,0.80833,0.945,0.91139,0.03361,0.0,0.91139,consistent,0.97306,0.92424,0.93894,0.90429,0.92333,0.90583,0.97361,0.95972,0.01389,0.0,0.95972,consistent,0.99074,0.97643,0.96947,0.95132,0.96083,0.95167,0.99944,0.99944,0.0,0.0,0.99944,consistent,1.0,1.0,1.0,1.0,0.99833,0.99833,F1,7,266571,225.1,1000,True,0.0
norm,"{""max_depth"": 3, ""min_child_weight"": 5}",base,0.14286,0.21199,0.18727,2,0.36974,0.90806,0.79087,0.14084,0.39543,0.31805,0.21844,0.14302,0.05614,0.22691,0.21637,0.19274,0.88083,0.8175,0.06333,0.00083,0.81833,consistent,0.92003,0.84764,0.88614,0.80281,0.83667,0.8025,0.94306,0.91278,0.03028,0.0,0.91278,consistent,0.97054,0.92845,0.93482,0.90759,0.92417,0.9025,0.96944,0.95472,0.01472,0.0,0.95472,consistent,0.98569,0.96801,0.96617,0.94719,0.95667,0.94917,0.99528,0.99472,0.00056,0.0,0.99472,consistent,0.99832,0.99663,0.99505,0.99505,0.9925,0.9925,F1,7,266571,299.5,1000,True,0.0
raw,"{""max_depth"": 3, ""min_child_weight"": 30}",base,,0.22738,0.20374,2,0.34384,0.895,0.78255,0.14542,0.39127,0.3132,0.21558,0.14246,0.15633,0.26763,0.22554,0.1894,0.88278,0.835,0.04778,0.0,0.835,over,0.92172,0.85017,0.86799,0.81848,0.85917,0.83667,0.94111,0.91722,0.02389,0.0,0.91722,consistent,0.96717,0.93434,0.93482,0.90677,0.92167,0.91083,0.97556,0.96472,0.01083,0.0,0.96472,consistent,0.9899,0.97896,0.9736,0.95792,0.96333,0.9575,0.99917,0.99917,0.0,0.0,0.99917,consistent,1.0,1.0,1.0,1.0,0.9975,0.9975,F1,10,265671,263.3,1000,True,0.0
raw,"{""max_depth"": 6, ""min_child_weight"": 5}",base,,0.22426,0.19722,2,0.3405,0.87333,0.77448,0.14601,0.38724,0.30854,0.21466,0.13864,0.15049,0.26468,0.22265,0.18589,0.86583,0.80972,0.05611,0.0,0.80972,consistent,0.9234,0.84007,0.86139,0.81023,0.81333,0.77917,0.93139,0.90389,0.0275,0.0,0.90389,consistent,0.96296,0.93098,0.92739,0.89851,0.90417,0.8825,0.97083,0.95861,0.01222,0.0,0.95861,consistent,0.98737,0.97391,0.97112,0.95462,0.95417,0.9475,0.9975,0.9975,0.0,0.0,0.9975,consistent,1.0,1.0,1.0,1.0,0.9925,0.9925,F1,10,265671,305.6,1000,True,0.0
norm,"{""max_depth"": 6, ""min_child_weight"": 5}",base,0.14286,0.20681,0.17907,2,0.33979,0.8675,0.77288,0.14614,0.38644,0.30768,0.21096,0.13546,0.05417,0.22468,0.21011,0.18575,0.86583,0.80583,0.06,0.00111,0.80694,consistent,0.91414,0.82912,0.85726,0.79538,0.82667,0.79333,0.93056,0.90583,0.02472,0.0,0.90583,consistent,0.94949,0.92424,0.92492,0.89191,0.9175,0.90167,0.96722,0.9525,0.01472,0.0,0.9525,consistent,0.98401,0.96465,0.96287,0.94554,0.955,0.9475,0.99694,0.99556,0.00139,0.0,0.99556,consistent,0.99916,0.99663,0.9967,0.99505,0.995,0.995,F1,10,265671,320.2,971,False,0.0
raw,"{""max_depth"": 6, ""min_child_weight"": 30}",base,,0.23544,0.20996,2,0.31538,0.86278,0.81233,0.15575,0.40616,0.31987,0.22087,0.14398,0.16601,0.26992,0.23964,0.19702,0.85861,0.81139,0.04722,0.00028,0.81167,consistent,0.91246,0.84596,0.85149,0.7995,0.8125,0.78917,0.92944,0.90639,0.02306,0.0,0.90639,consistent,0.97054,0.93687,0.91584,0.89439,0.9025,0.88833,0.96361,0.95472,0.00889,0.0,0.95472,consistent,0.98485,0.97559,0.9571,0.94389,0.94917,0.945,0.99694,0.99694,0.0,0.0,0.99694,consistent,1.0,1.0,1.0,1.0,0.99083,0.99083,F1,14,264471,256.6,999,False,0.0
norm,"{""max_depth"": 6, ""min_child_weight"": 30}",base,0.14286,0.21686,0.18722,2,0.31211,0.84278,0.80619,0.15625,0.40309,0.32356,0.21956,0.14217,0.05651,0.22724,0.22677,0.19646,0.84167,0.7975,0.04417,0.00056,0.79806,consistent,0.89141,0.82912,0.82673,0.78053,0.8075,0.78333,0.91167,0.89028,0.02139,0.0,0.89028,consistent,0.94276,0.91919,0.89851,0.87624,0.89417,0.87583,0.95833,0.94222,0.01611,0.0,0.94222,consistent,0.97896,0.95707,0.94884,0.93482,0.9475,0.935,0.99583,0.99389,0.00194,0.0,0.99389,consistent,0.99832,0.99495,0.99422,0.99175,0.995,0.995,F1,14,264471,312.6,999,False,0.0
raw,"{""max_depth"": 3, ""min_child_weight"": 5}",base,,0.2527,0.20112,2,0.40316,0.90194,0.85369,0.1466,0.42685,0.36221,0.25391,0.17268,0.15397,0.28054,0.2441,0.23391,0.8725,0.81139,0.06111,0.0,0.81139,consistent,0.91498,0.83249,0.87624,0.81188,0.82667,0.79,0.9375,0.90472,0.03278,0.0,0.90472,consistent,0.96128,0.91919,0.94224,0.90347,0.90917,0.89167,0.96944,0.95417,0.01528,0.0,0.95417,consistent,0.98653,0.97222,0.97607,0.9604,0.94583,0.93,0.99722,0.99667,0.00056,0.0,0.99667,consistent,1.0,1.0,0.99917,0.99917,0.9925,0.99083,F2,7,291771,242.0,1000,True,0.0
norm,"{""max_depth"": 3, ""min_child_weight"": 5}",base,0.14286,0.2385,0.18915,2,0.40064,0.90333,0.85016,0.14432,0.42508,0.35824,0.25484,0.17753,0.07098,0.24404,0.23511,0.23648,0.87139,0.80806,0.06333,0.00417,0.81222,consistent,0.91077,0.81902,0.86716,0.80528,0.83667,0.8,0.93694,0.90111,0.03583,0.0,0.90111,consistent,0.96128,0.91162,0.93894,0.90182,0.91083,0.89,0.96389,0.95028,0.01361,0.0,0.95028,consistent,0.98316,0.96717,0.96535,0.95215,0.94333,0.93167,0.9925,0.99167,0.00083,0.0,0.99167,consistent,0.99663,0.99663,0.99257,0.99257,0.98833,0.98583,F2,7,291771,268.3,1000,True,0.0
raw,"{""max_depth"": 3, ""min_child_weight"": 30}",base,,0.24875,0.20022,2,0.36729,0.89,0.82622,0.14852,0.41311,0.34971,0.24816,0.16727,0.16572,0.28233,0.24532,0.21901,0.86694,0.81472,0.05222,0.00333,0.81806,consistent,0.90909,0.84428,0.86881,0.81436,0.82333,0.78583,0.93333,0.90722,0.02611,0.0,0.90722,consistent,0.95707,0.92508,0.93812,0.90759,0.905,0.88917,0.96833,0.95444,0.01389,0.0,0.95444,consistent,0.98653,0.97306,0.97277,0.95792,0.94583,0.9325,0.99722,0.99667,0.00056,0.0,0.99667,consistent,1.0,1.0,0.99917,0.99835,0.9925,0.99167,F2,10,290871,233.4,1000,True,0.0
raw,"{""max_depth"": 6, ""min_child_weight"": 5}",base,,0.24547,0.19766,2,0.36152,0.87861,0.81041,0.14784,0.40521,0.34639,0.24661,0.16651,0.16026,0.2778,0.2366,0.22252,0.84806,0.79583,0.05222,0.00194,0.79778,consistent,0.91835,0.84259,0.85396,0.80611,0.7725,0.73917,0.92278,0.89611,0.02667,0.0,0.89611,consistent,0.96465,0.93434,0.93069,0.90099,0.87333,0.85333,0.965,0.95111,0.01389,0.0,0.95111,consistent,0.98569,0.97222,0.9736,0.95545,0.93583,0.92583,0.99639,0.99556,0.00083,0.0,0.99556,consistent,1.0,1.0,0.99917,0.99917,0.99,0.9875,F2,10,290871,290.9,1000,True,0.0
norm,"{""max_depth"": 6, ""min_child_weight"": 5}",base,0.14286,0.2269,0.17914,2,0.37235,0.88333,0.82599,0.14544,0.41299,0.34094,0.23902,0.15917,0.06386,0.23531,0.22552,0.21999,0.85083,0.79278,0.05806,0.00806,0.80028,consistent,0.91919,0.84259,0.84406,0.78465,0.79,0.75167,0.92833,0.89889,0.02944,0.0,0.89889,consistent,0.96296,0.92508,0.92739,0.89439,0.895,0.8775,0.96194,0.94583,0.01611,0.0,0.94583,consistent,0.98232,0.9638,0.96452,0.94554,0.93917,0.92833,0.99528,0.99333,0.00194,0.0,0.99333,consistent,0.99579,0.99411,0.99752,0.99505,0.9925,0.99083,F2,10,290871,343.0,1000,True,0.0
raw,"{""max_depth"": 6, ""min_child_weight"": 30}",base,,0.25877,0.20896,2,0.34048,0.87833,0.85035,0.16082,0.42518,0.35828,0.25625,0.17318,0.17891,0.29528,0.24395,0.23775,0.85333,0.81083,0.0425,0.00028,0.81111,consistent,0.90909,0.85943,0.86551,0.81023,0.78583,0.76333,0.92778,0.90583,0.02194,0.0,0.90583,consistent,0.9638,0.94024,0.94142,0.91254,0.87833,0.865,0.95722,0.94778,0.00944,0.0,0.94778,consistent,0.98485,0.97559,0.96947,0.95627,0.9175,0.91167,0.99389,0.99389,0.0,0.0,0.99389,consistent,1.0,1.0,1.0,1.0,0.98167,0.98167,F2,14,289671,277.1,999,False,0.0
norm,"{""max_depth"": 6, ""min_child_weight"": 30}",base,0.14286,0.23767,0.18551,2,0.34037,0.8675,0.84499,0.16099,0.42249,0.3511,0.25171,0.16938,0.07036,0.24209,0.23581,0.2352,0.84639,0.80389,0.0425,0.00139,0.80528,consistent,0.90993,0.8569,0.85314,0.80446,0.77667,0.75083,0.91833,0.89528,0.02306,0.0,0.89528,consistent,0.9638,0.93013,0.91997,0.89356,0.87167,0.8625,0.95528,0.94333,0.01194,0.0,0.94333,consistent,0.98064,0.96633,0.9604,0.94884,0.925,0.915,0.9925,0.99167,0.00083,0.0,0.99167,consistent,0.99411,0.99327,0.99505,0.9934,0.98833,0.98833,F2,14,289671,333.1,1000,True,0.0
raw,"{""max_depth"": 3, ""min_child_weight"": 5}",base,,0.24365,0.20982,1,0.40071,0.90056,0.86408,0.14881,0.43204,0.355,0.24005,0.14942,0.13659,0.27772,0.23921,0.21475,0.8625,0.80111,0.06139,0.0,0.80111,consistent,0.91667,0.84259,0.84818,0.77228,0.82333,0.78917,0.92889,0.89444,0.03444,0.0,0.89444,consistent,0.95791,0.91751,0.92409,0.88614,0.905,0.88,0.96778,0.94806,0.01972,0.0,0.94806,consistent,0.98653,0.96633,0.96452,0.94142,0.9525,0.93667,0.99889,0.99861,0.00028,0.0,0.99861,consistent,1.0,1.0,1.0,1.0,0.99667,0.99583,F3,7,323271,271.7,1000,True,0.0
norm,"{""max_depth"": 3, ""min_child_weight"": 5}",base,0.14286,0.22687,0.19305,1,0.40005,0.89833,0.85888,0.14695,0.42944,0.34842,0.23684,0.14842,0.05115,0.23772,0.22934,0.21374,0.85778,0.79389,0.06389,0.0,0.79389,consistent,0.91246,0.82744,0.84571,0.77393,0.81583,0.78083,0.92806,0.88889,0.03917,0.0,0.88889,consistent,0.96212,0.91246,0.91667,0.87046,0.90583,0.88417,0.965,0.94389,0.02111,0.0,0.94389,consistent,0.98148,0.95623,0.96287,0.93647,0.95083,0.93917,0.99667,0.995,0.00167,0.0,0.995,consistent,0.99832,0.99747,0.9967,0.99422,0.995,0.99333,F3,7,323271,300.7,1000,True,0.0
raw,"{""max_depth"": 3, ""min_child_weight"": 30}",base,,0.24257,0.2086,1,0.3695,0.88222,0.84726,0.15681,0.42363,0.34594,0.23046,0.14696,0.15159,0.27555,0.23819,0.21466,0.85333,0.80333,0.05,0.0,0.80333,consistent,0.90909,0.84091,0.83746,0.78383,0.81417,0.78583,0.92361,0.88972,0.03389,0.0,0.88972,consistent,0.95875,0.9133,0.91007,0.87294,0.9025,0.88333,0.96444,0.95028,0.01417,0.0,0.95028,consistent,0.98401,0.97222,0.96122,0.94059,0.94833,0.93833,0.99833,0.99833,0.0,0.0,0.99833,consistent,1.0,1.0,1.0,1.0,0.995,0.995,F3,10,322371,258.1,1000,True,0.0
raw,"{""max_depth"": 6, ""min_child_weight"": 5}",base,,0.23907,0.20724,1,0.37304,0.87167,0.83292,0.15956,0.41646,0.33892,0.2281,0.1454,0.14596,0.26633,0.23173,0.21977,0.85,0.79694,0.05306,0.0,0.79694,consistent,0.90741,0.83502,0.84241,0.78713,0.80083,0.76917,0.92417,0.88639,0.03778,0.0,0.88639,consistent,0.96044,0.91751,0.91997,0.87129,0.8925,0.87083,0.95972,0.945,0.01472,0.0,0.945,consistent,0.98316,0.96886,0.96122,0.93977,0.935,0.92667,0.99667,0.99667,0.0,0.0,0.99667,consistent,1.0,1.0,1.0,1.0,0.99,0.99,F3,10,322371,314.5,998,False,0.0
norm,"{""max_depth"": 6, ""min_child_weight"": 5}",base,0.14286,0.21985,0.18386,1,0.36866,0.86111,0.83129,0.15953,0.41565,0.33084,0.22358,0.13908,0.05044,0.22462,0.22095,0.21408,0.84889,0.79444,0.05444,0.00083,0.79528,consistent,0.89983,0.82997,0.83251,0.76898,0.815,0.785,0.91361,0.88083,0.03278,0.00028,0.88111,consistent,0.95034,0.90236,0.90099,0.86304,0.89,0.8775,0.96167,0.93833,0.02333,0.0,0.93833,consistent,0.98064,0.95286,0.95792,0.92904,0.94667,0.93333,0.99694,0.99611,0.00083,0.0,0.99611,consistent,0.99747,0.99747,0.9967,0.99505,0.99667,0.99583,F3,10,322371,393.5,1000,True,0.0
raw,"{""max_depth"": 6, ""min_child_weight"": 30}",base,,0.25114,0.21774,1,0.33379,0.85167,0.87022,0.17001,0.43511,0.35126,0.23763,0.15077,0.16207,0.28435,0.24217,0.22766,0.83806,0.78944,0.04861,0.0,0.78944,consistent,0.89815,0.82576,0.81683,0.77063,0.8,0.7725,0.91556,0.8875,0.02806,0.0,0.8875,consistent,0.95286,0.92508,0.91172,0.86799,0.8825,0.87,0.95556,0.94278,0.01278,0.0,0.94278,consistent,0.98064,0.96886,0.95627,0.94059,0.93,0.91917,0.99639,0.99639,0.0,0.0,0.99639,consistent,1.0,1.0,1.0,1.0,0.98917,0.98917,F3,14,321171,313.2,1000,True,0.0
norm,"{""max_depth"": 6, ""min_child_weight"": 30}",base,0.14286,0.22983,0.19594,1,0.33478,0.83472,0.86928,0.1682,0.43464,0.34517,0.23209,0.14492,0.05395,0.23583,0.23176,0.222,0.83333,0.78028,0.05306,0.00222,0.7825,consistent,0.8931,0.82323,0.80776,0.75495,0.8,0.76333,0.90778,0.87861,0.02917,0.00083,0.87944,consistent,0.94108,0.90404,0.89686,0.85974,0.88583,0.8725,0.95389,0.93972,0.01417,0.0,0.93972,consistent,0.97054,0.95286,0.94637,0.93152,0.945,0.935,0.99583,0.99444,0.00139,0.0,0.99444,consistent,0.99663,0.99495,0.99587,0.9934,0.995,0.995,F3,14,321171,359.9,995,False,0.0
raw,"{""max_depth"": 3, ""min_child_weight"": 5}",base,,0.34386,0.20857,0,0.38266,0.905,1.29025,0.2508,0.64512,0.50081,0.31015,0.19215,0.16412,0.60271,0.23159,0.20099,0.86333,0.78944,0.07389,0.0,0.78944,consistent,0.91246,0.80808,0.86634,0.78465,0.81167,0.77583,0.93833,0.89917,0.03917,0.0,0.89917,consistent,0.96128,0.91246,0.93977,0.89769,0.91417,0.8875,0.97056,0.95583,0.01472,0.0,0.95583,consistent,0.97896,0.9638,0.97277,0.95627,0.96,0.9475,0.99861,0.99861,0.0,0.0,0.99861,consistent,1.0,1.0,1.0,1.0,0.99583,0.99583,F4,7,348471,279.4,1000,True,0.0
norm,"{""max_depth"": 3, ""min_child_weight"": 5}",base,0.14286,0.32168,0.19474,0,0.38525,0.90528,1.30012,0.24797,0.65006,0.47977,0.28397,0.19347,0.07483,0.54792,0.22036,0.20003,0.86444,0.78833,0.07611,0.00028,0.78861,consistent,0.9032,0.7963,0.86634,0.79043,0.82417,0.77833,0.94,0.90528,0.03472,0.0,0.90528,consistent,0.96128,0.90488,0.93977,0.90429,0.91917,0.90667,0.97111,0.955,0.01611,0.0,0.955,consistent,0.98148,0.96296,0.97525,0.95627,0.95667,0.94583,0.99639,0.99472,0.00167,0.0,0.99472,consistent,0.99747,0.99411,0.9967,0.9967,0.995,0.99333,F4,7,348471,331.5,1000,True,0.0
raw,"{""max_depth"": 3, ""min_child_weight"": 30}",base,,0.40553,0.20833,0,0.36222,0.88306,1.43594,0.29122,0.71797,0.59014,0.40909,0.23438,0.1904,0.77477,0.24067,0.2065,0.86,0.80028,0.05972,0.0,0.80028,consistent,0.90152,0.81061,0.85644,0.79868,0.8225,0.79167,0.92528,0.89583,0.02944,0.0,0.89583,consistent,0.94949,0.90488,0.92079,0.89604,0.90583,0.88667,0.96833,0.95222,0.01611,0.0,0.95222,consistent,0.9798,0.96212,0.96782,0.94224,0.9575,0.9525,0.99861,0.99861,0.0,0.0,0.99861,consistent,1.0,1.0,1.0,1.0,0.99583,0.99583,F4,10,347571,289.4,1000,True,0.0
raw,"{""max_depth"": 6, ""min_child_weight"": 5}",base,,0.41313,0.20495,0,0.36074,0.87972,1.43932,0.28232,0.71966,0.60257,0.42079,0.2603,0.19313,0.78544,0.23905,0.22036,0.84861,0.78667,0.06194,0.0,0.78667,consistent,0.89226,0.79798,0.83911,0.78135,0.815,0.78083,0.92222,0.88833,0.03389,0.0,0.88833,consistent,0.95539,0.90572,0.91007,0.87789,0.90167,0.88167,0.96444,0.94583,0.01861,0.0,0.94583,consistent,0.98232,0.96549,0.96452,0.93482,0.94667,0.9375,0.99667,0.99667,0.0,0.0,0.99667,consistent,1.0,1.0,1.0,1.0,0.99,0.99,F4,10,347571,331.2,1000,True,0.0
norm,"{""max_depth"": 6, ""min_child_weight"": 5}",base,0.14286,0.39466,0.18701,0,0.37236,0.87833,1.52126,0.28022,0.76063,0.60859,0.41201,0.23078,0.0757,0.75494,0.22613,0.20818,0.85,0.78111,0.06889,0.00028,0.78139,consistent,0.88552,0.79125,0.84406,0.7764,0.82083,0.77583,0.92417,0.88861,0.03556,0.0,0.88861,consistent,0.94697,0.89562,0.91337,0.87129,0.9125,0.89917,0.96333,0.94639,0.01694,0.0,0.94639,consistent,0.97643,0.95623,0.95792,0.93812,0.95583,0.945,0.99694,0.99389,0.00306,0.0,0.99389,consistent,0.99663,0.99242,0.99835,0.99505,0.99583,0.99417,F4,10,347571,418.6,987,False,0.0
raw,"{""max_depth"": 6, ""min_child_weight"": 30}",base,,0.49135,0.21838,0,0.34153,0.85333,1.78916,0.35364,0.89458,0.69727,0.4805,0.29303,0.22907,0.979,0.2537,0.24859,0.82389,0.76778,0.05611,0.0,0.76778,consistent,0.883,0.79125,0.80776,0.7566,0.78167,0.75583,0.90472,0.87194,0.03278,0.0,0.87194,consistent,0.94865,0.91077,0.89769,0.85149,0.86833,0.85417,0.95389,0.93556,0.01833,0.0,0.93556,consistent,0.97811,0.95875,0.95297,0.92822,0.93083,0.92,0.99611,0.99611,0.0,0.0,0.99611,consistent,1.0,1.0,1.0,1.0,0.98833,0.98833,F4,14,346371,328.5,1000,True,0.0
norm,"{""max_depth"": 6, ""min_child_weight"": 30}",base,0.14286,0.4562,0.19659,0,0.34754,0.84972,1.82301,0.35316,0.91151,0.71184,0.4262,0.24382,0.0907,0.90362,0.24008,0.23154,0.81639,0.76083,0.05556,0.00083,0.76167,consistent,0.87037,0.77862,0.79455,0.73845,0.785,0.76583,0.90722,0.87444,0.03278,0.0,0.87444,consistent,0.93939,0.90067,0.89191,0.84653,0.89083,0.87667,0.95861,0.93861,0.02,0.0,0.93861,consistent,0.97306,0.94444,0.95627,0.93317,0.94667,0.93833,0.995,0.99194,0.00306,0.0,0.99194,consistent,0.99411,0.99074,0.9967,0.99422,0.99417,0.99083,F4,14,346371,342.0,999,False,0.0
norm,"{""max_depth"": 6, ""min_child_weight"": 30}",xs,0.14286,0.20815,0.18223,2,0.36605,0.89111,0.78237,0.14309,0.39118,0.31393,0.2149,0.13537,0.05045,0.22231,0.21325,0.18894,0.87722,0.8075,0.06972,0.00278,0.81028,consistent,0.91246,0.8367,0.87871,0.7962,0.84083,0.79,0.93667,0.89889,0.03778,0.00083,0.89972,consistent,0.9638,0.91162,0.93069,0.89109,0.91583,0.89417,0.96806,0.94944,0.01861,0.0,0.94944,consistent,0.98316,0.96212,0.96452,0.94142,0.95667,0.945,0.99611,0.99417,0.00194,0.0,0.99417,consistent,0.99832,0.99579,0.99587,0.9934,0.99417,0.99333,F1,7,266571,357.0,999,False,0.0
norm,"{""max_depth"": 6, ""min_child_weight"": 30}",ev,0.14286,0.21635,0.18686,2,0.31211,0.84333,0.80473,0.15607,0.40236,0.32133,0.21882,0.1422,0.05731,0.22613,0.22641,0.19641,0.84444,0.79556,0.04889,0.00111,0.79667,consistent,0.89394,0.82492,0.83416,0.77888,0.80583,0.78333,0.91333,0.89111,0.02222,0.0,0.89111,consistent,0.9436,0.91835,0.90264,0.88284,0.89417,0.8725,0.96028,0.945,0.01528,0.0,0.945,consistent,0.97896,0.95623,0.94967,0.93729,0.9525,0.94167,0.99528,0.99333,0.00194,0.0,0.99333,consistent,0.99663,0.99495,0.99422,0.99092,0.995,0.99417,F1,14,264471,402.2,975,False,0.0
norm,"{""max_depth"": 6, ""min_child_weight"": 30}",xs,0.14286,0.23267,0.18282,2,0.39339,0.8975,0.83471,0.14307,0.41735,0.35333,0.24946,0.16849,0.06429,0.24003,0.22824,0.22989,0.86472,0.80278,0.06194,0.00139,0.80417,consistent,0.91751,0.82912,0.86139,0.80116,0.81583,0.77833,0.93028,0.8875,0.04278,0.00056,0.88806,consistent,0.9596,0.91414,0.93399,0.87624,0.8975,0.8725,0.96111,0.94583,0.01528,0.0,0.94583,consistent,0.98064,0.96212,0.96452,0.94719,0.93833,0.92833,0.99278,0.99167,0.00111,0.0,0.99167,consistent,0.99579,0.99411,0.99422,0.99422,0.98833,0.98667,F2,7,291771,391.6,999,False,0.0
norm,"{""max_depth"": 6, ""min_child_weight"": 30}",ev,0.14286,0.23791,0.18663,2,0.33982,0.86889,0.84607,0.16089,0.42303,0.35248,0.25123,0.16908,0.07074,0.24188,0.23584,0.2361,0.83917,0.79833,0.04083,0.00111,0.79944,consistent,0.90825,0.85522,0.84241,0.80198,0.7675,0.73833,0.91778,0.89139,0.02639,0.0,0.89139,consistent,0.9596,0.92593,0.92079,0.89274,0.87333,0.85583,0.95667,0.94472,0.01194,0.0,0.94472,consistent,0.98148,0.96465,0.96287,0.9505,0.92583,0.91917,0.99306,0.99167,0.00139,0.0,0.99167,consistent,0.99495,0.99327,0.99587,0.9934,0.98833,0.98833,F2,14,289671,428.9,1000,True,0.0
norm,"{""max_depth"": 6, ""min_child_weight"": 30}",xs,0.14286,0.22349,0.18839,1,0.39782,0.88444,0.84919,0.15068,0.42459,0.34334,0.23072,0.14392,0.04771,0.23115,0.22487,0.2146,0.86056,0.79361,0.06694,0.00111,0.79472,consistent,0.91414,0.81987,0.84571,0.7731,0.8225,0.78833,0.92833,0.88833,0.04,0.00028,0.88861,consistent,0.9596,0.90909,0.92492,0.87376,0.90083,0.8825,0.96389,0.94306,0.02083,0.0,0.94306,consistent,0.98148,0.9537,0.96287,0.94059,0.9475,0.935,0.99667,0.99417,0.0025,0.0,0.99417,consistent,0.99747,0.99411,0.99587,0.99257,0.99667,0.99583,F3,7,323271,424.4,999,False,0.0
norm,"{""max_depth"": 6, ""min_child_weight"": 30}",ev,0.14286,0.23014,0.19604,1,0.33531,0.83222,0.86957,0.16945,0.43479,0.34577,0.23238,0.14448,0.05399,0.23613,0.23152,0.22288,0.83194,0.77861,0.05333,0.00222,0.78083,consistent,0.89226,0.81987,0.80611,0.75248,0.79833,0.76417,0.90833,0.88028,0.02806,0.0,0.88028,consistent,0.94192,0.90657,0.89604,0.85809,0.8875,0.87667,0.95611,0.94167,0.01444,0.0,0.94167,consistent,0.97138,0.95286,0.95132,0.93152,0.94583,0.94083,0.99583,0.99417,0.00167,0.0,0.99417,consistent,0.99663,0.99495,0.99587,0.99257,0.995,0.995,F3,14,321171,495.5,997,False,0.0
norm,"{""max_depth"": 6, ""min_child_weight"": 30}",xs,0.14286,0.31933,0.19114,0,0.37814,0.89444,1.26289,0.242,0.63144,0.49944,0.29686,0.18104,0.06518,0.5436,0.2192,0.19843,0.85694,0.77472,0.08222,0.00139,0.77611,consistent,0.90236,0.78367,0.85066,0.76568,0.81833,0.775,0.9325,0.89611,0.03639,0.0,0.89611,consistent,0.96128,0.90741,0.92574,0.88779,0.91083,0.89333,0.9675,0.94917,0.01833,0.0,0.94917,consistent,0.97559,0.95623,0.96947,0.94637,0.9575,0.945,0.99639,0.99333,0.00306,0.0,0.99333,consistent,0.99832,0.99074,0.9967,0.9967,0.99417,0.9925,F4,7,348471,478.8,998,False,0.0
norm,"{""max_depth"": 6, ""min_child_weight"": 30}",ev,0.14286,0.44576,0.19623,0,0.3471,0.84944,1.78789,0.35425,0.89395,0.6745,0.41027,0.2528,0.08879,0.87421,0.23918,0.23023,0.82167,0.76722,0.05444,0.00083,0.76806,consistent,0.87374,0.78535,0.79785,0.74835,0.79417,0.76833,0.90944,0.87778,0.03167,0.0,0.87778,consistent,0.93771,0.90572,0.90017,0.85149,0.89083,0.87667,0.95639,0.93889,0.0175,0.0,0.93889,consistent,0.97138,0.94613,0.95462,0.93317,0.94333,0.9375,0.99444,0.99167,0.00278,0.0,0.99167,consistent,0.99327,0.9899,0.9967,0.99422,0.99333,0.99083,F4,14,346371,433.4,1000,True,0.0
norm,"{""max_depth"": 3, ""min_child_weight"": 30}",base,0.14286,0.21202,0.18748,2,0.36957,0.90667,0.79031,0.14081,0.39515,0.31832,0.21861,0.14305,0.05615,0.22691,0.21618,0.19303,0.88083,0.81694,0.06389,0.00028,0.81722,consistent,0.92003,0.8468,0.88531,0.80281,0.8375,0.80167,0.94222,0.91222,0.03,0.0,0.91222,consistent,0.97054,0.92929,0.93482,0.90677,0.92167,0.90083,0.96889,0.955,0.01389,0.0,0.955,consistent,0.98485,0.96886,0.96535,0.94719,0.95667,0.94917,0.99528,0.99472,0.00056,0.0,0.99472,consistent,0.99832,0.99663,0.99505,0.99505,0.9925,0.9925,F1,7,266571,247.2,1000,True,0.0
norm,"{""max_depth"": 3, ""min_child_weight"": 30}",base,0.14286,0.21081,0.18229,2,0.34443,0.89639,0.77851,0.14286,0.38925,0.3126,0.21543,0.14522,0.05952,0.22696,0.21374,0.19184,0.87583,0.82472,0.05111,0.00111,0.82583,consistent,0.92845,0.85269,0.86634,0.81436,0.83333,0.8075,0.94444,0.92028,0.02417,0.00056,0.92083,consistent,0.96886,0.93687,0.94224,0.91502,0.9225,0.90917,0.96889,0.96167,0.00722,0.0,0.96167,consistent,0.98569,0.97727,0.9637,0.9571,0.9575,0.95083,0.99694,0.99528,0.00167,0.0,0.99528,consistent,0.99916,0.99747,0.9967,0.9934,0.995,0.995,F1,10,265671,265.8,1000,True,0.0
norm,"{""max_depth"": 3, ""min_child_weight"": 30}",base,0.14286,0.22169,0.19291,2,0.31747,0.87389,0.81176,0.15444,0.40588,0.32754,0.22802,0.15092,0.06333,0.22971,0.23157,0.20367,0.86278,0.82528,0.0375,0.0,0.82528,consistent,0.9133,0.8569,0.84571,0.81353,0.83,0.80583,0.93028,0.91417,0.01611,0.0,0.91417,consistent,0.96212,0.9436,0.91584,0.89521,0.91333,0.90417,0.96389,0.95417,0.00972,0.0,0.95417,consistent,0.98316,0.96801,0.95297,0.94554,0.95583,0.94917,0.99611,0.99528,0.00083,0.0,0.99528,consistent,0.99916,0.99916,0.99422,0.9934,0.995,0.99333,F1,14,264471,260.6,1000,True,0.0
norm,"{""max_depth"": 3, ""min_child_weight"": 30}",base,0.14286,0.23856,0.18924,2,0.40071,0.90333,0.85037,0.144,0.42519,0.35833,0.25508,0.17745,0.07133,0.24413,0.23522,0.23645,0.87167,0.80889,0.06278,0.00306,0.81194,consistent,0.91162,0.82155,0.86716,0.80363,0.83667,0.80167,0.93667,0.90222,0.03444,0.0,0.90222,consistent,0.96128,0.9133,0.93894,0.90182,0.91,0.89167,0.96361,0.94944,0.01417,0.0,0.94944,consistent,0.98401,0.96633,0.96452,0.95132,0.9425,0.93083,0.9925,0.99167,0.00083,0.0,0.99167,consistent,0.99663,0.99663,0.99257,0.99257,0.98833,0.98583,F2,7,291771,291.4,1000,True,0.0
norm,"{""max_depth"": 3, ""min_child_weight"": 30}",base,0.14286,0.23155,0.18253,2,0.36624,0.88778,0.81789,0.14548,0.40895,0.34533,0.24854,0.17172,0.06927,0.23938,0.23361,0.22169,0.86306,0.81444,0.04861,0.0,0.81444,consistent,0.91667,0.84175,0.85891,0.81436,0.81417,0.7875,0.93056,0.90278,0.02778,0.0,0.90278,consistent,0.96465,0.93013,0.92904,0.89521,0.89833,0.88333,0.96472,0.95278,0.01194,0.0,0.95278,consistent,0.98232,0.97222,0.96865,0.94967,0.94333,0.93667,0.99528,0.99417,0.00111,0.0,0.99417,consistent,0.99663,0.99663,0.9967,0.99505,0.9925,0.99083,F2,10,290871,300.6,1000,True,0.0
norm,"{""max_depth"": 3, ""min_child_weight"": 30}",base,0.14286,0.24549,0.19079,2,0.34848,0.87722,0.86375,0.16061,0.43187,0.36215,0.26103,0.18036,0.07689,0.2505,0.24732,0.23864,0.85389,0.81056,0.04333,0.00278,0.81333,consistent,0.9032,0.83418,0.85479,0.81271,0.80417,0.785,0.92667,0.90417,0.0225,0.0,0.90417,consistent,0.96128,0.93013,0.92904,0.90677,0.89,0.87583,0.95889,0.94806,0.01083,0.0,0.94806,consistent,0.98485,0.97054,0.96205,0.95132,0.93,0.9225,0.99417,0.99361,0.00056,0.0,0.99361,consistent,0.99579,0.99411,0.99587,0.99587,0.99083,0.99083,F2,14,289671,299.0,1000,True,0.0
norm,"{""max_depth"": 3, ""min_child_weight"": 30}",base,0.14286,0.22687,0.19275,1,0.40014,0.89806,0.85937,0.14682,0.42968,0.34851,0.23705,0.14807,0.05111,0.23778,0.22937,0.21366,0.85694,0.7925,0.06444,0.00028,0.79278,consistent,0.91246,0.82576,0.84488,0.7731,0.81417,0.77917,0.92806,0.88861,0.03944,0.0,0.88861,consistent,0.96296,0.91246,0.91667,0.87046,0.905,0.88333,0.96556,0.94444,0.02111,0.0,0.94444,consistent,0.98148,0.95623,0.96287,0.93729,0.9525,0.94,0.99667,0.995,0.00167,0.0,0.995,consistent,0.99832,0.99747,0.9967,0.99422,0.995,0.99333,F3,7,323271,336.3,1000,True,0.0
norm,"{""max_depth"": 3, ""min_child_weight"": 30}",base,0.14286,0.22341,0.18781,1,0.36846,0.88056,0.83954,0.1528,0.41977,0.34001,0.2294,0.14399,0.05451,0.22986,0.22771,0.21276,0.8525,0.79806,0.05444,0.00167,0.79972,consistent,0.90909,0.84175,0.82921,0.77558,0.82,0.7775,0.91583,0.88861,0.02722,0.0,0.88861,consistent,0.95034,0.91582,0.90017,0.86881,0.8975,0.88167,0.96528,0.94694,0.01833,0.0,0.94694,consistent,0.98316,0.95707,0.9571,0.93729,0.95583,0.94667,0.9975,0.99611,0.00139,0.0,0.99611,consistent,0.99916,0.99832,0.99752,0.99505,0.99583,0.995,F3,10,322371,332.3,1000,True,0.0
norm,"{""max_depth"": 3, ""min_child_weight"": 30}",base,0.14286,0.23395,0.1988,1,0.33413,0.865,0.88227,0.16544,0.44114,0.35296,0.23682,0.14802,0.05934,0.24326,0.23854,0.2202,0.83028,0.78389,0.04639,0.00222,0.78528,consistent,0.88889,0.82912,0.80611,0.7566,0.79667,0.76667,0.91639,0.885,0.03139,0.0,0.885,consistent,0.94444,0.90741,0.90017,0.86304,0.905,0.885,0.95861,0.94306,0.01556,0.0,0.94306,consistent,0.9798,0.96044,0.94637,0.92739,0.95,0.94167,0.99667,0.99583,0.00083,0.0,0.99583,consistent,0.99832,0.99832,0.99752,0.99505,0.99417,0.99417,F3,14,321171,319.1,1000,True,0.0
norm,"{""max_depth"": 3, ""min_child_weight"": 30}",base,0.14286,0.3193,0.19426,0,0.38549,0.90472,1.30414,0.24829,0.65207,0.47932,0.28542,0.17594,0.07477,0.54038,0.22042,0.2003,0.86333,0.78722,0.07611,0.00028,0.7875,consistent,0.90404,0.79545,0.86469,0.78878,0.82167,0.7775,0.93972,0.90417,0.03556,0.0,0.90417,consistent,0.96128,0.90657,0.93977,0.90347,0.91833,0.9025,0.96944,0.95389,0.01556,0.0,0.95389,consistent,0.97811,0.96128,0.97525,0.95627,0.955,0.94417,0.99639,0.99472,0.00167,0.0,0.99472,consistent,0.99747,0.99411,0.9967,0.9967,0.995,0.99333,F4,7,348471,349.7,1000,True,0.0
norm,"{""max_depth"": 3, ""min_child_weight"": 30}",base,0.14286,0.38298,0.19067,0,0.36497,0.88944,1.49531,0.29021,0.74766,0.58728,0.39029,0.19918,0.08326,0.72277,0.22715,0.20398,0.85722,0.79833,0.05889,0.00167,0.8,consistent,0.89899,0.81061,0.85066,0.79868,0.8225,0.78583,0.92972,0.89889,0.03083,0.0,0.89889,consistent,0.94865,0.9032,0.92739,0.89356,0.91333,0.9,0.96611,0.9525,0.01361,0.0,0.9525,consistent,0.97643,0.95707,0.96535,0.94884,0.95667,0.95167,0.99722,0.99667,0.00056,0.0,0.99667,consistent,0.99747,0.99663,0.99835,0.99752,0.99583,0.99583,F4,10,347571,370.6,1000,True,0.0
norm,"{""max_depth"": 3, ""min_child_weight"": 30}",base,0.14286,0.44994,0.20136,0,0.35151,0.87139,1.92818,0.36675,0.96409,0.66606,0.39388,0.21,0.09883,0.89013,0.23901,0.22718,0.82889,0.7775,0.05139,0.00333,0.78083,consistent,0.87795,0.80471,0.82013,0.77228,0.78917,0.75583,0.91861,0.88722,0.03139,0.0,0.88722,consistent,0.94613,0.90404,0.91584,0.88201,0.89417,0.87583,0.96194,0.94889,0.01306,0.0,0.94889,consistent,0.97391,0.95623,0.96452,0.95215,0.9475,0.93833,0.99528,0.99472,0.00056,0.0,0.99472,consistent,0.99495,0.99495,0.99752,0.99752,0.99333,0.99167,F4,14,346371,363.5,1000,True,0.0
raw,"{""max_depth"": 6, ""min_child_weight"": 30}",base,,0.22315,0.19539,2,0.36528,0.89611,0.78146,0.14273,0.39073,0.31211,0.21611,0.1401,0.13711,0.25851,0.22407,0.18721,0.87306,0.81528,0.05778,0.00028,0.81528,consistent,0.91498,0.84512,0.87541,0.80693,0.82917,0.79417,0.94,0.9075,0.0325,0.0,0.9075,consistent,0.97054,0.92761,0.93647,0.90017,0.91333,0.895,0.96944,0.95611,0.01333,0.0,0.95611,consistent,0.98822,0.97222,0.96535,0.94967,0.955,0.94667,0.99806,0.99806,0.0,0.0,0.99806,consistent,1.0,1.0,1.0,1.0,0.99417,0.99417,F1,7,266571,268.9,1000,True,0.0
norm,"{""max_depth"": 6, ""min_child_weight"": 30}",base,0.14286,0.20868,0.1824,2,0.36437,0.89083,0.78146,0.14259,0.39073,0.31448,0.21574,0.13763,0.05093,0.2251,0.21304,0.18799,0.87333,0.80417,0.06917,0.00167,0.80583,consistent,0.91077,0.8367,0.87624,0.78795,0.83333,0.78833,0.93556,0.89694,0.03861,0.0,0.89694,consistent,0.96212,0.91077,0.92904,0.89109,0.91583,0.88917,0.96639,0.95139,0.015,0.0,0.95139,consistent,0.98064,0.96296,0.96287,0.94554,0.95583,0.94583,0.99639,0.995,0.00139,0.0,0.995,consistent,0.99747,0.99579,0.9967,0.99505,0.995,0.99417,F1,7,266571,348.0,1000,True,0.0
raw,"{""max_depth"": 3, ""min_child_weight"": 5}",base,,0.22748,0.20364,2,0.34405,0.89528,0.78302,0.14569,0.39151,0.31285,0.21581,0.14256,0.15645,0.26794,0.22544,0.18951,0.88444,0.83361,0.05083,0.0,0.83361,over,0.9234,0.85017,0.87129,0.81931,0.85917,0.83167,0.94139,0.91778,0.02361,0.0,0.91778,consistent,0.96717,0.93603,0.93647,0.90759,0.92083,0.91,0.97556,0.96417,0.01139,0.0,0.96417,consistent,0.9899,0.97811,0.97442,0.95792,0.9625,0.95667,0.99917,0.99917,0.0,0.0,0.99917,consistent,1.0,1.0,1.0,1.0,0.9975,0.9975,F1,10,265671,237.3,1000,True,0.0
norm,"{""max_depth"": 3, ""min_child_weight"": 5}",base,0.14286,0.21094,0.18266,2,0.34468,0.89694,0.77908,0.14284,0.38954,0.31298,0.21545,0.14552,0.05931,0.22735,0.21391,0.19168,0.875,0.82583,0.04917,0.00083,0.82667,consistent,0.92761,0.85185,0.86716,0.81683,0.83083,0.80917,0.94417,0.92056,0.02361,0.0,0.92056,consistent,0.96886,0.93603,0.94142,0.91667,0.9225,0.90917,0.96944,0.96139,0.00806,0.0,0.96139,consistent,0.98485,0.97727,0.96617,0.9571,0.9575,0.95,0.99694,0.99528,0.00167,0.0,0.99528,consistent,0.99916,0.99747,0.9967,0.9934,0.995,0.995,F1,10,265671,268.6,1000,True,0.0
raw,"{""max_depth"": 3, ""min_child_weight"": 30}",base,,0.24052,0.21796,2,0.31619,0.88111,0.81748,0.15687,0.40874,0.32739,0.22763,0.15001,0.17245,0.27633,0.24518,0.20031,0.86917,0.82833,0.04083,0.0,0.82833,consistent,0.91919,0.86364,0.85066,0.81023,0.83833,0.81167,0.93528,0.91639,0.01889,0.0,0.91639,consistent,0.96633,0.94276,0.91997,0.89356,0.92,0.91333,0.96639,0.95806,0.00833,0.0,0.95806,consistent,0.98822,0.98148,0.95545,0.94554,0.95583,0.9475,0.99861,0.99833,0.00028,0.0,0.99833,consistent,1.0,1.0,1.0,1.0,0.99583,0.995,F1,14,264471,216.7,1000,True,0.0
raw,"{""max_depth"": 6, ""min_child_weight"": 5}",base,,0.23697,0.21053,2,0.3176,0.85944,0.81527,0.15762,0.40764,0.3228,0.2226,0.14552,0.16567,0.27209,0.2397,0.19944,0.85333,0.80528,0.04806,0.00028,0.80556,consistent,0.90993,0.84428,0.84901,0.79703,0.80167,0.775,0.92833,0.905,0.02333,0.0,0.905,consistent,0.96886,0.94024,0.91749,0.89439,0.89917,0.88083,0.96306,0.95194,0.01111,0.0,0.95194,consistent,0.98401,0.97559,0.95875,0.94554,0.94667,0.935,0.99694,0.99694,0.0,0.0,0.99694,consistent,1.0,1.0,1.0,1.0,0.99083,0.99083,F1,14,264471,241.8,1000,True,0.0
norm,"{""max_depth"": 6, ""min_child_weight"": 5}",base,0.14286,0.21708,0.18964,2,0.31562,0.84667,0.8096,0.15695,0.4048,0.32462,0.21724,0.14133,0.05756,0.22661,0.22677,0.19777,0.83972,0.79528,0.04444,0.00194,0.79722,consistent,0.89226,0.82323,0.83086,0.78795,0.79667,0.775,0.91806,0.895,0.02306,0.0,0.895,consistent,0.94781,0.92003,0.90594,0.87954,0.90083,0.88583,0.96361,0.95028,0.01333,0.0,0.95028,consistent,0.98401,0.96296,0.95545,0.94307,0.95167,0.945,0.99472,0.99389,0.00083,0.0,0.99389,consistent,0.99663,0.99495,0.9934,0.99257,0.99417,0.99417,F1,14,264471,291.1,967,False,0.0
raw,"{""max_depth"": 6, ""min_child_weight"": 30}",base,,0.249,0.19747,2,0.39272,0.89861,0.83523,0.14357,0.41762,0.35691,0.2517,0.17354,0.15067,0.27763,0.23683,0.23307,0.86722,0.80861,0.05861,0.00056,0.80917,consistent,0.91582,0.84091,0.87294,0.81188,0.81333,0.77333,0.93333,0.89667,0.03667,0.0,0.89667,consistent,0.96549,0.92172,0.93729,0.89604,0.8975,0.8725,0.96444,0.94778,0.01667,0.0,0.94778,consistent,0.98822,0.9697,0.97112,0.95545,0.93417,0.91833,0.99722,0.99694,0.00028,0.0,0.99694,consistent,1.0,1.0,1.0,1.0,0.99167,0.99083,F2,7,291771,258.5,1000,True,0.0
norm,"{""max_depth"": 6, ""min_child_weight"": 30}",base,0.14286,0.23185,0.1844,2,0.39227,0.89583,0.83069,0.1434,0.41535,0.35178,0.24895,0.16705,0.06456,0.23807,0.22836,0.22925,0.86583,0.80139,0.06444,0.005,0.80639,consistent,0.91751,0.82407,0.85891,0.79703,0.82167,0.78333,0.92972,0.88972,0.04,0.00028,0.89,consistent,0.95875,0.9133,0.93069,0.88119,0.9,0.875,0.96111,0.94639,0.01472,0.0,0.94639,consistent,0.98232,0.9638,0.96452,0.94719,0.93667,0.92833,0.9925,0.99167,0.00083,0.0,0.99167,consistent,0.99663,0.99411,0.99422,0.99422,0.98667,0.98667,F2,7,291771,319.1,999,False,0.0
raw,"{""max_depth"": 3, ""min_child_weight"": 5}",base,,0.24888,0.20071,2,0.3676,0.88667,0.82696,0.14866,0.41348,0.34989,0.24836,0.16716,0.16575,0.28226,0.2456,0.21918,0.86722,0.81556,0.05167,0.00389,0.81917,consistent,0.90909,0.84428,0.86881,0.81518,0.82417,0.7875,0.93278,0.90667,0.02611,0.0,0.90667,consistent,0.95791,0.92424,0.93647,0.90759,0.90417,0.88833,0.96833,0.955,0.01333,0.0,0.955,consistent,0.98737,0.97391,0.9736,0.95792,0.94417,0.93333,0.99722,0.99694,0.00028,0.0,0.99694,consistent,1.0,1.0,0.99917,0.99835,0.9925,0.9925,F2,10,290871,220.7,1000,True,0.0
norm,"{""max_depth"": 3, ""min_child_weight"": 5}",base,0.14286,0.23195,0.1843,2,0.37009,0.8875,0.82077,0.14571,0.41039,0.34573,0.24868,0.17185,0.06935,0.2394,0.234,0.22249,0.86444,0.81389,0.05056,0.00194,0.81583,consistent,0.91751,0.8367,0.85974,0.81683,0.81667,0.78833,0.93139,0.90389,0.0275,0.00083,0.90472,consistent,0.96465,0.92677,0.92987,0.90099,0.9,0.88417,0.965,0.95472,0.01028,0.0,0.95472,consistent,0.98232,0.97306,0.96782,0.95215,0.945,0.93917,0.99528,0.99417,0.00111,0.0,0.99417,consistent,0.99747,0.99663,0.99587,0.99505,0.9925,0.99083,F2,10,290871,249.1,1000,True,0.0
raw,"{""max_depth"": 3, ""min_child_weight"": 30}",base,,0.26461,0.21218,2,0.34181,0.87944,0.86668,0.16362,0.43334,0.36421,0.26287,0.17911,0.18451,0.30255,0.25722,0.23458,0.85917,0.81222,0.04694,0.00028,0.8125,consistent,0.90825,0.83754,0.86221,0.82673,0.8075,0.7725,0.93306,0.90917,0.02389,0.0,0.90917,consistent,0.96886,0.94192,0.93977,0.90842,0.89083,0.8775,0.96139,0.95472,0.00667,0.0,0.95472,consistent,0.98232,0.97811,0.96865,0.96122,0.93333,0.925,0.99583,0.99583,0.0,0.0,0.99583,consistent,1.0,1.0,1.0,1.0,0.9875,0.9875,F2,14,289671,218.9,1000,True,0.0
raw,"{""max_depth"": 6, ""min_child_weight"": 5}",base,,0.26127,0.21097,2,0.34526,0.87306,0.85773,0.16304,0.42887,0.36153,0.2594,0.17599,0.17879,0.29778,0.2447,0.24202,0.85139,0.80639,0.045,0.00194,0.80806,consistent,0.91498,0.86195,0.86634,0.81188,0.77333,0.74583,0.92472,0.90333,0.02139,0.0,0.90333,consistent,0.96212,0.93855,0.94224,0.91254,0.87,0.85917,0.95583,0.94694,0.00889,0.0,0.94694,consistent,0.98232,0.97475,0.96865,0.95545,0.91667,0.91083,0.99389,0.99389,0.0,0.0,0.99389,consistent,1.0,1.0,1.0,1.0,0.98167,0.98167,F2,14,289671,273.9,1000,True,0.0
norm,"{""max_depth"": 6, ""min_child_weight"": 5}",base,0.14286,0.24095,0.18793,2,0.35381,0.86889,0.86918,0.16134,0.43459,0.35717,0.25351,0.16879,0.07031,0.24752,0.2358,0.23971,0.84333,0.80111,0.04222,0.00361,0.80472,consistent,0.90909,0.85185,0.85149,0.80363,0.77,0.74833,0.91806,0.89389,0.02417,0.0,0.89389,consistent,0.95707,0.92845,0.92409,0.89026,0.87333,0.86333,0.95694,0.945,0.01194,0.0,0.945,consistent,0.9798,0.96717,0.96617,0.95297,0.925,0.915,0.99278,0.9925,0.00028,0.0,0.9925,consistent,0.99411,0.99327,0.99422,0.99422,0.99,0.99,F2,14,289671,321.7,974,False,0.0
raw,"{""max_depth"": 6, ""min_child_weight"": 30}",base,,0.24031,0.20415,1,0.39749,0.89222,0.85033,0.14893,0.42516,0.34658,0.23848,0.15087,0.13182,0.27012,0.23454,0.21692,0.86361,0.79472,0.06889,0.00083,0.79556,consistent,0.91751,0.82407,0.85396,0.77805,0.82,0.7825,0.93056,0.89583,0.03472,0.0,0.89583,consistent,0.96212,0.92172,0.92739,0.89026,0.9025,0.87583,0.96389,0.94417,0.01972,0.0,0.94417,consistent,0.98316,0.96549,0.96617,0.93977,0.9425,0.9275,0.9975,0.99722,0.00028,0.0,0.99722,consistent,1.0,1.0,1.0,1.0,0.9925,0.99167,F3,7,323271,292.8,1000,True,0.0
norm,"{""max_depth"": 6, ""min_child_weight"": 30}",base,0.14286,0.22446,0.1887,1,0.39725,0.88306,0.848,0.15102,0.424,0.34567,0.23272,0.14513,0.04824,0.23246,0.22593,0.21515,0.85889,0.79167,0.06722,0.00111,0.79278,consistent,0.91414,0.82071,0.84406,0.76898,0.81917,0.78583,0.92806,0.89028,0.03778,0.0,0.89028,consistent,0.95875,0.91498,0.92492,0.87871,0.90083,0.8775,0.96333,0.94083,0.0225,0.0,0.94083,consistent,0.98148,0.95455,0.96205,0.93647,0.94667,0.93167,0.99667,0.99361,0.00306,0.0,0.99361,consistent,0.99747,0.99411,0.9967,0.99175,0.99583,0.995,F3,7,323271,344.5,999,False,0.0
raw,"{""max_depth"": 3, ""min_child_weight"": 5}",base,,0.2423,0.20835,1,0.3692,0.88139,0.84586,0.15642,0.42293,0.34576,0.23004,0.14701,0.15166,0.2755,0.23816,0.21396,0.85167,0.80389,0.04778,0.0,0.80389,consistent,0.90657,0.84175,0.83828,0.7863,0.81083,0.78417,0.9225,0.89056,0.03194,0.0,0.89056,consistent,0.95791,0.91414,0.90842,0.87376,0.90167,0.88417,0.96389,0.94972,0.01417,0.0,0.94972,consistent,0.98401,0.97222,0.9604,0.93894,0.9475,0.93833,0.99833,0.99833,0.0,0.0,0.99833,consistent,1.0,1.0,1.0,1.0,0.995,0.995,F3,10,322371,243.7,1000,True,0.0
norm,"{""max_depth"": 3, ""min_child_weight"": 5}",base,0.14286,0.22347,0.18703,1,0.36834,0.88056,0.83891,0.15284,0.41946,0.34031,0.22952,0.1441,0.05458,0.22993,0.22777,0.21278,0.85139,0.79583,0.05556,0.00361,0.79917,consistent,0.90572,0.84175,0.83086,0.7764,0.81833,0.77,0.91667,0.88861,0.02806,0.0,0.88861,consistent,0.95118,0.91835,0.90099,0.86799,0.89833,0.88,0.96417,0.94583,0.01833,0.0,0.94583,consistent,0.98148,0.95623,0.9571,0.93729,0.95417,0.94417,0.9975,0.99611,0.00139,0.0,0.99611,consistent,0.99916,0.99832,0.99752,0.99505,0.99583,0.995,F3,10,322371,283.5,1000,True,0.0
raw,"{""max_depth"": 3, ""min_child_weight"": 30}",base,,0.25562,0.22216,1,0.33417,0.87194,0.88784,0.17023,0.44392,0.35966,0.23938,0.15246,0.16808,0.29565,0.24886,0.22323,0.84056,0.78944,0.05111,0.0,0.78944,consistent,0.90236,0.82576,0.81106,0.75908,0.80917,0.78417,0.9175,0.89333,0.02417,0.0,0.89333,consistent,0.95118,0.91751,0.91007,0.88119,0.89167,0.88167,0.96111,0.95111,0.01,0.0,0.95111,consistent,0.98485,0.97222,0.95545,0.94142,0.94333,0.94,0.9975,0.99722,0.00028,0.0,0.99722,consistent,1.0,1.0,1.0,1.0,0.9925,0.99167,F3,14,321171,243.3,1000,True,0.0
raw,"{""max_depth"": 6, ""min_child_weight"": 5}",base,,0.25328,0.22145,1,0.34121,0.84278,0.87865,0.17257,0.43932,0.35481,0.23903,0.15152,0.16243,0.28554,0.24175,0.23331,0.83611,0.7875,0.04861,0.0,0.7875,consistent,0.90236,0.82492,0.81601,0.77393,0.79083,0.76417,0.915,0.88639,0.02861,0.0,0.88639,consistent,0.9537,0.92508,0.90759,0.86469,0.88417,0.87,0.95528,0.94167,0.01361,0.0,0.94167,consistent,0.98232,0.96717,0.95462,0.93977,0.92917,0.91833,0.99639,0.99639,0.0,0.0,0.99639,consistent,1.0,1.0,1.0,1.0,0.98917,0.98917,F3,14,321171,297.5,998,False,0.0
norm,"{""max_depth"": 6, ""min_child_weight"": 5}",base,0.14286,0.23114,0.19896,1,0.33703,0.84028,0.87702,0.16805,0.43851,0.34419,0.23305,0.14471,0.05833,0.23768,0.23228,0.22359,0.83639,0.78222,0.05417,0.00083,0.78306,consistent,0.89394,0.81987,0.81188,0.7533,0.80417,0.77417,0.90944,0.88,0.02944,0.0,0.88,consistent,0.94276,0.90488,0.89521,0.85726,0.89083,0.87833,0.95611,0.94222,0.01389,0.0,0.94222,consistent,0.97306,0.95455,0.94802,0.93069,0.9475,0.94167,0.99583,0.99472,0.00111,0.0,0.99472,consistent,0.99663,0.99495,0.9967,0.99505,0.99417,0.99417,F3,14,321171,304.9,834,False,0.0
raw,"{""max_depth"": 6, ""min_child_weight"": 30}",base,,0.3406,0.20254,0,0.37842,0.90167,1.28172,0.245,0.64086,0.49795,0.30989,0.1866,0.16331,0.59079,0.22951,0.20513,0.86278,0.78778,0.075,0.0,0.78778,consistent,0.91246,0.79461,0.85479,0.78548,0.82167,0.78333,0.93444,0.89611,0.03833,0.0,0.89611,consistent,0.96128,0.91077,0.93152,0.88944,0.91083,0.88833,0.96694,0.95083,0.01611,0.0,0.95083,consistent,0.9798,0.96465,0.96947,0.94472,0.95167,0.94333,0.99778,0.99778,0.0,0.0,0.99778,consistent,1.0,1.0,1.0,1.0,0.99333,0.99333,F4,7,348471,327.4,999,False,0.0
norm,"{""max_depth"": 6, ""min_child_weight"": 30}",base,0.14286,0.32068,0.19128,0,0.37801,0.89667,1.26515,0.24011,0.63257,0.4944,0.30592,0.18491,0.06619,0.54659,0.2191,0.19963,0.86,0.77417,0.08583,0.00306,0.77722,consistent,0.90657,0.77778,0.85396,0.76815,0.82,0.77667,0.93444,0.89639,0.03806,0.0,0.89639,consistent,0.96044,0.90572,0.92904,0.88861,0.91417,0.895,0.96722,0.95,0.01722,0.0,0.95,consistent,0.97559,0.95623,0.96947,0.94554,0.95667,0.94833,0.99667,0.99444,0.00222,0.0,0.99444,consistent,0.99832,0.99242,0.9967,0.9967,0.995,0.99417,F4,7,348471,373.2,992,False,0.0
raw,"{""max_depth"": 3, ""min_child_weight"": 5}",base,,0.40568,0.20799,0,0.36152,0.88306,1.43577,0.29108,0.71788,0.58973,0.41133,0.23338,0.19068,0.77504,0.24061,0.20674,0.86083,0.79944,0.06139,0.0,0.79944,consistent,0.90236,0.80976,0.85809,0.7995,0.8225,0.78917,0.92528,0.89444,0.03083,0.0,0.89444,consistent,0.95034,0.90488,0.92162,0.89191,0.90417,0.88667,0.96806,0.9525,0.01556,0.0,0.9525,consistent,0.9798,0.96296,0.967,0.94224,0.9575,0.9525,0.99861,0.99861,0.0,0.0,0.99861,consistent,1.0,1.0,1.0,1.0,0.99583,0.99583,F4,10,347571,260.6,1000,True,0.0
norm,"{""max_depth"": 3, ""min_child_weight"": 5}",base,0.14286,0.38427,0.1905,0,0.3654,0.88861,1.49282,0.29057,0.74641,0.58682,0.38892,0.20923,0.08369,0.72686,0.22709,0.20386,0.85833,0.79917,0.05917,0.0,0.79917,consistent,0.89899,0.80892,0.85231,0.79868,0.82417,0.79,0.92972,0.89861,0.03111,0.0,0.89861,consistent,0.94865,0.90236,0.92657,0.89356,0.91417,0.9,0.96694,0.95361,0.01333,0.0,0.95361,consistent,0.97727,0.95791,0.967,0.95132,0.95667,0.95167,0.99694,0.99639,0.00056,0.0,0.99639,consistent,0.99747,0.99663,0.99835,0.99752,0.995,0.995,F4,10,347571,298.0,1000,True,0.0
raw,"{""max_depth"": 3, ""min_child_weight"": 30}",base,,0.49504,0.22115,0,0.34419,0.86861,1.86544,0.36107,0.93272,0.74724,0.44872,0.2549,0.22559,1.00106,0.2552,0.23632,0.82806,0.7825,0.04556,0.0,0.7825,consistent,0.87458,0.80976,0.81931,0.76815,0.79083,0.77,0.91722,0.8875,0.02972,0.0,0.8875,consistent,0.95118,0.91162,0.91419,0.88284,0.88667,0.86833,0.96083,0.94861,0.01222,0.0,0.94861,consistent,0.98064,0.96296,0.95792,0.94554,0.94417,0.9375,0.99833,0.99833,0.0,0.0,0.99833,consistent,1.0,1.0,1.0,1.0,0.995,0.995,F4,14,346371,271.7,1000,True,0.0
raw,"{""max_depth"": 6, ""min_child_weight"": 5}",base,,0.49357,0.22035,0,0.34601,0.84917,1.81904,0.35346,0.90952,0.70039,0.47865,0.29022,0.22919,0.97927,0.25455,0.25414,0.82222,0.76889,0.05333,0.0,0.76889,consistent,0.88047,0.79882,0.80611,0.75248,0.78083,0.75583,0.90333,0.87333,0.03,0.0,0.87333,consistent,0.94949,0.91246,0.89439,0.85231,0.86667,0.85583,0.95389,0.93556,0.01833,0.0,0.93556,consistent,0.97811,0.9596,0.95132,0.92657,0.9325,0.92083,0.99556,0.99556,0.0,0.0,0.99556,consistent,1.0,1.0,1.0,1.0,0.98667,0.98667,F4,14,346371,328.3,1000,True,0.0
norm,"{""max_depth"": 6, ""min_child_weight"": 5}",base,0.14286,0.4587,0.1965,0,0.35058,0.84833,1.83353,0.35349,0.91676,0.70195,0.43524,0.2549,0.08988,0.90977,0.23978,0.23325,0.82056,0.76444,0.05611,0.0,0.76444,consistent,0.86869,0.77778,0.80033,0.74587,0.79333,0.77,0.90917,0.87306,0.03611,0.0,0.87306,consistent,0.93939,0.90152,0.89356,0.84653,0.895,0.87167,0.96028,0.94028,0.02,0.0,0.94028,consistent,0.97391,0.94697,0.9571,0.93399,0.95,0.94,0.995,0.99194,0.00306,0.0,0.99194,consistent,0.99411,0.9899,0.9967,0.99422,0.99417,0.99167,F4,14,346371,390.1,997,False,0.0
norm,"{""max_depth"": 6, ""min_child_weight"": 30}",ev,0.14286,0.20575,0.17629,2,0.3385,0.86694,0.76769,0.14547,0.38384,0.30629,0.21005,0.13524,0.05359,0.22251,0.20949,0.18534,0.86222,0.80583,0.05639,0.00139,0.80722,consistent,0.90909,0.83165,0.85479,0.7962,0.82333,0.79,0.93167,0.90417,0.0275,0.0,0.90417,consistent,0.95286,0.92088,0.92822,0.89439,0.91417,0.8975,0.96556,0.9525,0.01306,0.0,0.9525,consistent,0.98232,0.9638,0.96205,0.94719,0.9525,0.94667,0.99722,0.995,0.00222,0.0,0.995,consistent,0.99832,0.99411,0.99835,0.99587,0.995,0.995,F1,10,265671,388.6,989,False,0.0
norm,"{""max_depth"": 6, ""min_child_weight"": 30}",xs,0.14286,0.21566,0.18805,2,0.31567,0.84306,0.80961,0.1564,0.40481,0.32166,0.21635,0.13859,0.05617,0.22291,0.22517,0.1988,0.84222,0.79556,0.04667,0.0025,0.79806,consistent,0.8931,0.82576,0.82673,0.77888,0.8075,0.7825,0.91333,0.88722,0.02611,0.0,0.88722,consistent,0.9436,0.91582,0.90429,0.87541,0.8925,0.87083,0.95861,0.94278,0.01583,0.0,0.94278,consistent,0.97896,0.9537,0.94719,0.93482,0.95,0.94,0.99583,0.99417,0.00167,0.0,0.99417,consistent,0.99832,0.99495,0.99505,0.9934,0.99417,0.99417,F1,14,264471,321.5,998,False,0.0
norm,"{""max_depth"": 6, ""min_child_weight"": 30}",ev,0.14286,0.22509,0.17502,2,0.35956,0.885,0.8064,0.14472,0.4032,0.33809,0.24024,0.1603,0.06399,0.23423,0.22439,0.21675,0.85333,0.79889,0.05444,0.00361,0.80194,consistent,0.91919,0.84259,0.85231,0.79868,0.78917,0.75583,0.92694,0.89611,0.03083,0.0,0.89611,consistent,0.96296,0.92593,0.92492,0.89109,0.89333,0.87167,0.95944,0.94306,0.01639,0.0,0.94306,consistent,0.9798,0.96549,0.96287,0.94059,0.93583,0.92333,0.99583,0.99389,0.00194,0.0,0.99389,consistent,0.99579,0.99411,0.99835,0.99505,0.99333,0.9925,F2,10,290871,403.6,999,False,0.0
norm,"{""max_depth"": 6, ""min_child_weight"": 30}",xs,0.14286,0.23763,0.18387,2,0.34124,0.86694,0.84753,0.16143,0.42376,0.35189,0.25088,0.16662,0.07118,0.24463,0.23515,0.23322,0.84722,0.80222,0.045,0.00167,0.80389,consistent,0.90909,0.85774,0.85314,0.79785,0.78,0.75167,0.91889,0.89444,0.02444,0.0,0.89444,consistent,0.9638,0.92929,0.92409,0.89439,0.86917,0.86,0.95639,0.94417,0.01222,0.0,0.94417,consistent,0.98064,0.9638,0.9604,0.94802,0.92833,0.92083,0.99389,0.99333,0.00056,0.0,0.99333,consistent,0.99411,0.99242,0.99505,0.99505,0.9925,0.9925,F2,14,289671,347.2,1000,True,0.0
norm,"{""max_depth"": 6, ""min_child_weight"": 30}",ev,0.14286,0.21954,0.18257,1,0.36835,0.86111,0.82854,0.15727,0.41427,0.3323,0.22359,0.13906,0.05076,0.22355,0.22117,0.21397,0.845,0.78917,0.05583,0.00167,0.79083,consistent,0.90404,0.83249,0.82591,0.76155,0.80583,0.77417,0.91333,0.88167,0.03167,0.0,0.88167,consistent,0.95118,0.90152,0.90264,0.86634,0.88667,0.8775,0.95944,0.93611,0.02333,0.0,0.93611,consistent,0.97643,0.95286,0.95875,0.92162,0.94333,0.93417,0.99667,0.99556,0.00111,0.0,0.99556,consistent,0.99747,0.99747,0.99587,0.99422,0.99667,0.995,F3,10,322371,444.3,1000,True,0.0
norm,"{""max_depth"": 6, ""min_child_weight"": 30}",xs,0.14286,0.22901,0.19446,1,0.33304,0.835,0.86758,0.16939,0.43379,0.34389,0.23091,0.14321,0.05287,0.23472,0.2313,0.2211,0.83472,0.78361,0.05111,0.00056,0.78361,consistent,0.89478,0.82492,0.81023,0.75495,0.8,0.77167,0.90778,0.87889,0.02889,0.0,0.87889,consistent,0.94276,0.90572,0.89356,0.85396,0.8875,0.8775,0.95639,0.93944,0.01694,0.0,0.93944,consistent,0.97138,0.95034,0.95132,0.93069,0.94667,0.9375,0.99583,0.99472,0.00111,0.0,0.99472,consistent,0.99663,0.99495,0.9967,0.99505,0.99417,0.99417,F3,14,321171,396.6,999,False,0.0
norm,"{""max_depth"": 6, ""min_child_weight"": 30}",ev,0.14286,0.38828,0.18627,0,0.36176,0.87833,1.44082,0.28087,0.72041,0.60791,0.41074,0.23415,0.07557,0.73971,0.22531,0.20495,0.85167,0.79083,0.06083,0.0,0.79083,consistent,0.88636,0.80051,0.84241,0.7797,0.82667,0.7925,0.92333,0.88778,0.03556,0.0,0.88778,consistent,0.94781,0.89562,0.91337,0.87129,0.90917,0.89667,0.96444,0.94722,0.01722,0.0,0.94722,consistent,0.97559,0.95707,0.95875,0.94059,0.95917,0.94417,0.99667,0.99361,0.00306,0.0,0.99361,consistent,0.99663,0.99327,0.99752,0.9934,0.99583,0.99417,F4,10,347571,489.9,1000,True,0.0
norm,"{""max_depth"": 6, ""min_child_weight"": 30}",xs,0.14286,0.46079,0.19437,0,0.34818,0.85083,1.81325,0.35452,0.90663,0.70042,0.45213,0.26077,0.09026,0.91918,0.23963,0.23035,0.81861,0.76056,0.05806,0.0,0.76056,consistent,0.87037,0.7803,0.79538,0.73845,0.79083,0.76333,0.90667,0.87139,0.03528,0.0,0.87139,consistent,0.93855,0.89815,0.89439,0.84323,0.8875,0.87333,0.95778,0.94,0.01778,0.0,0.94,consistent,0.97222,0.94697,0.95297,0.93564,0.94833,0.9375,0.995,0.99194,0.00306,0.0,0.99194,consistent,0.99411,0.99074,0.99752,0.9934,0.99333,0.99167,F4,14,346371,402.7,999,False,0.0
