method,fold,P,sp_mean,sp_median,sp_excluded,wape_median,interval80,mase_median_fc,sp_0.1,sp_0.5,sp_0.8,sp_0.9,sp_0.95,sp_0.99,sp_low,sp_mid,sp_high,cov_hi_0.8,cov_lo_0.8,tie_0.8,zero_share_0.8,raw_cov_0.8,status_0.8,cov_hi_0.8_low,cov_lo_0.8_low,cov_hi_0.8_mid,cov_lo_0.8_mid,cov_hi_0.8_high,cov_lo_0.8_high,cov_hi_0.9,cov_lo_0.9,tie_0.9,zero_share_0.9,raw_cov_0.9,status_0.9,cov_hi_0.9_low,cov_lo_0.9_low,cov_hi_0.9_mid,cov_lo_0.9_mid,cov_hi_0.9_high,cov_lo_0.9_high,cov_hi_0.95,cov_lo_0.95,tie_0.95,zero_share_0.95,raw_cov_0.95,status_0.95,cov_hi_0.95_low,cov_lo_0.95_low,cov_hi_0.95_mid,cov_lo_0.95_mid,cov_hi_0.95_high,cov_lo_0.95_high,cov_hi_0.99,cov_lo_0.99,tie_0.99,zero_share_0.99,raw_cov_0.99,status_0.99,cov_hi_0.99_low,cov_lo_0.99_low,cov_hi_0.99_mid,cov_lo_0.99_mid,cov_hi_0.99_high,cov_lo_0.99_high,point_wape
quantile_model,F1,7,0.20868,0.1824,2,0.36437,0.89083,0.78146,0.14259,0.39073,0.31448,0.21574,0.13763,0.05093,0.2251,0.21304,0.18799,0.87333,0.80417,0.06917,0.00167,0.80583,consistent,0.91077,0.8367,0.87624,0.78795,0.83333,0.78833,0.93556,0.89694,0.03861,0.0,0.89694,consistent,0.96212,0.91077,0.92904,0.89109,0.91583,0.88917,0.96639,0.95139,0.015,0.0,0.95139,consistent,0.98064,0.96296,0.96287,0.94554,0.95583,0.94583,0.99639,0.995,0.00139,0.0,0.995,consistent,0.99747,0.99579,0.9967,0.99505,0.995,0.99417,
conformal,F1,7,0.209,0.18425,2,0.36437,0.9,0.78146,0.14259,0.39073,0.31435,0.21666,0.13798,0.05166,0.22517,0.21273,0.18917,0.87972,0.80806,0.07167,0.00306,0.81111,consistent,0.90993,0.82997,0.87459,0.78795,0.855,0.80667,0.94472,0.91,0.03472,0.0,0.91,consistent,0.96212,0.91246,0.93399,0.90264,0.93833,0.915,0.97139,0.955,0.01639,0.0,0.955,consistent,0.98064,0.96212,0.96452,0.94554,0.96917,0.9575,0.99639,0.99389,0.0025,0.0,0.99389,consistent,0.99747,0.99579,0.9967,0.99092,0.995,0.995,
B1_ma28,F1,7,0.34151,0.28788,2,0.39167,0.9725,0.82993,0.18258,0.41496,0.61135,0.45325,0.29395,0.09293,0.26011,0.29207,0.47252,0.95556,0.92556,0.03,0.0,0.92556,over,0.94024,0.88721,0.94884,0.91502,0.9775,0.97417,0.9725,0.95611,0.01639,0.0,0.95611,over,0.9638,0.92761,0.96865,0.9571,0.985,0.98333,0.98028,0.96667,0.01361,0.0,0.96667,consistent,0.97475,0.9436,0.97855,0.96947,0.9875,0.98667,0.98889,0.98333,0.00556,0.0,0.98333,consistent,0.9899,0.97811,0.9868,0.98185,0.99,0.99,0.39167
B2_xgb,F1,7,0.33516,0.27716,2,0.39481,0.97278,0.84783,0.1912,0.42392,0.59519,0.43605,0.27916,0.08542,0.26855,0.2817,0.45563,0.96139,0.93861,0.02278,0.0,0.93861,over,0.94865,0.90404,0.9505,0.92904,0.985,0.9825,0.97778,0.96472,0.01306,0.0,0.96472,over,0.97391,0.9436,0.97112,0.96287,0.98833,0.9875,0.98639,0.975,0.01139,0.0,0.975,consistent,0.98569,0.96044,0.98267,0.9736,0.99083,0.99083,0.99111,0.98861,0.0025,0.0,0.98861,consistent,0.99158,0.98737,0.98927,0.98597,0.9925,0.9925,0.39481
C_rf,F1,7,0.3268,0.26708,2,0.37487,0.97444,0.82273,0.18545,0.41137,0.57973,0.42644,0.27378,0.08405,0.25921,0.27627,0.44527,0.96,0.94083,0.01917,0.0,0.94083,over,0.94613,0.90152,0.94967,0.93647,0.98417,0.98417,0.97722,0.96389,0.01333,0.0,0.96389,over,0.97138,0.94108,0.97195,0.96287,0.98833,0.9875,0.98611,0.97444,0.01167,0.0,0.97444,consistent,0.98653,0.95875,0.98267,0.97525,0.98917,0.98917,0.99111,0.98833,0.00278,0.0,0.98833,consistent,0.99242,0.98569,0.9901,0.98845,0.99083,0.99083,0.37487
B2_raw,F1,7,0.33437,0.28103,2,0.38913,0.97722,0.87167,0.18718,0.43584,0.59094,0.43185,0.27629,0.08415,0.27996,0.27949,0.44424,0.96278,0.93833,0.02444,0.0,0.93833,over,0.95539,0.9133,0.94884,0.92327,0.98417,0.97833,0.97861,0.96528,0.01333,0.0,0.96528,over,0.97811,0.94781,0.9703,0.9604,0.9875,0.9875,0.98472,0.97639,0.00833,0.0,0.97639,consistent,0.98569,0.96886,0.9802,0.97195,0.98833,0.98833,0.99111,0.98722,0.00389,0.0,0.98722,consistent,0.99327,0.98485,0.98927,0.98597,0.99083,0.99083,0.38913
quantile_model,F1,10,0.2059,0.17824,2,0.33893,0.86528,0.76756,0.14595,0.38378,0.30683,0.21009,0.13554,0.05323,0.22257,0.20986,0.18537,0.86361,0.80333,0.06028,0.00222,0.80556,consistent,0.91246,0.8266,0.85644,0.7929,0.8225,0.79083,0.93028,0.90361,0.02667,0.0,0.90361,consistent,0.95286,0.91919,0.92327,0.89191,0.915,0.9,0.96694,0.95139,0.01556,0.0,0.95139,consistent,0.98316,0.96465,0.96287,0.94472,0.955,0.945,0.9975,0.99611,0.00139,0.0,0.99611,consistent,0.99832,0.99663,0.99752,0.99505,0.99667,0.99667,
conformal,F1,10,0.20667,0.17868,2,0.33893,0.87417,0.76756,0.14595,0.38378,0.30703,0.21207,0.13898,0.0522,0.22362,0.21029,0.1862,0.87306,0.81361,0.05944,0.00056,0.81417,consistent,0.91162,0.82155,0.86304,0.80446,0.845,0.815,0.93917,0.915,0.02417,0.0,0.915,consistent,0.95791,0.93098,0.92657,0.89356,0.93333,0.92083,0.97389,0.96111,0.01278,0.0,0.96111,consistent,0.98485,0.9697,0.96947,0.9538,0.9675,0.96,0.9975,0.99556,0.00194,0.0,0.99556,consistent,0.99832,0.99579,0.99752,0.99505,0.99667,0.99583,
B1_ma28,F1,10,0.35733,0.29917,2,0.36756,0.97111,0.82568,0.19406,0.41284,0.65003,0.47903,0.3101,0.09795,0.26384,0.31167,0.49647,0.95194,0.92833,0.02361,0.0,0.92833,over,0.93603,0.88131,0.94307,0.92822,0.97667,0.975,0.97111,0.95694,0.01417,0.0,0.95694,over,0.96549,0.92845,0.9637,0.95957,0.98417,0.9825,0.97778,0.96806,0.00972,0.0,0.96806,consistent,0.97391,0.95202,0.97277,0.96617,0.98667,0.98583,0.98694,0.98278,0.00417,0.0,0.98278,consistent,0.98737,0.98064,0.98432,0.97937,0.98917,0.98833,0.36756
B2_xgb,F1,10,0.35392,0.29092,2,0.37388,0.97167,0.84879,0.20173,0.42439,0.6398,0.46757,0.29937,0.09068,0.26985,0.29814,0.49406,0.965,0.94306,0.02194,0.0,0.94306,over,0.95623,0.90572,0.95462,0.93977,0.98417,0.98333,0.97889,0.96972,0.00917,0.0,0.96972,over,0.97643,0.95539,0.97195,0.96535,0.98833,0.98833,0.98472,0.97833,0.00639,0.0,0.97833,consistent,0.98316,0.97391,0.98102,0.97277,0.99,0.98833,0.99194,0.98861,0.00333,0.0,0.98861,consistent,0.99411,0.98822,0.98927,0.9868,0.9925,0.99083,0.37388
C_rf,F1,10,0.33986,0.27589,2,0.35118,0.97222,0.82423,0.19848,0.41212,0.60913,0.44593,0.28582,0.08766,0.26604,0.2916,0.46215,0.96389,0.94583,0.01806,0.0,0.94583,over,0.95286,0.91077,0.95627,0.94472,0.9825,0.98167,0.97944,0.96833,0.01111,0.0,0.96833,over,0.97643,0.95455,0.97607,0.96452,0.98583,0.98583,0.98389,0.97833,0.00556,0.0,0.97833,consistent,0.98401,0.97138,0.98102,0.9769,0.98667,0.98667,0.99194,0.98889,0.00306,0.0,0.98889,consistent,0.99327,0.98822,0.9901,0.98762,0.9925,0.99083,0.35118
B2_raw,F1,10,0.33909,0.28043,2,0.35374,0.97222,0.82609,0.19754,0.41304,0.60497,0.44489,0.28618,0.08795,0.26579,0.28722,0.46458,0.95833,0.93556,0.02278,0.0,0.93556,over,0.94949,0.89226,0.94389,0.93317,0.98167,0.98083,0.975,0.96028,0.01472,0.0,0.96028,over,0.97138,0.93939,0.96782,0.95627,0.98583,0.985,0.98222,0.97472,0.0075,0.0,0.97472,consistent,0.98148,0.9697,0.97855,0.96782,0.98667,0.98667,0.99083,0.98722,0.00361,0.0,0.98722,consistent,0.99327,0.98737,0.98762,0.98267,0.99167,0.99167,0.35374
quantile_model,F1,14,0.21686,0.18722,2,0.31211,0.84278,0.80619,0.15625,0.40309,0.32356,0.21956,0.14217,0.05651,0.22724,0.22677,0.19646,0.84167,0.7975,0.04417,0.00056,0.79806,consistent,0.89141,0.82912,0.82673,0.78053,0.8075,0.78333,0.91167,0.89028,0.02139,0.0,0.89028,consistent,0.94276,0.91919,0.89851,0.87624,0.89417,0.87583,0.95833,0.94222,0.01611,0.0,0.94222,consistent,0.97896,0.95707,0.94884,0.93482,0.9475,0.935,0.99583,0.99389,0.00194,0.0,0.99389,consistent,0.99832,0.99495,0.99422,0.99175,0.995,0.995,
conformal,F1,14,0.21777,0.18758,2,0.31212,0.86556,0.80623,0.15625,0.40312,0.32348,0.22135,0.14577,0.05665,0.22836,0.226,0.19889,0.8575,0.81389,0.04361,0.00139,0.81528,consistent,0.88552,0.81818,0.85149,0.80611,0.83583,0.8175,0.93444,0.9125,0.02194,0.0,0.9125,consistent,0.9537,0.93182,0.92409,0.89439,0.92583,0.91167,0.96833,0.95667,0.01167,0.0,0.95667,consistent,0.98485,0.96886,0.9571,0.94472,0.96333,0.95667,0.99361,0.99139,0.00222,0.0,0.99139,consistent,0.99663,0.99495,0.98927,0.98432,0.995,0.995,
B1_ma28,F1,14,0.39401,0.32627,2,0.33658,0.96611,0.85569,0.2245,0.42785,0.71815,0.53477,0.34775,0.11103,0.27129,0.34351,0.56701,0.94056,0.92222,0.01833,0.0,0.92222,over,0.91667,0.87879,0.93234,0.91502,0.9725,0.9725,0.96611,0.95306,0.01306,0.0,0.95306,over,0.95455,0.9234,0.9637,0.95545,0.98,0.98,0.97444,0.96417,0.01028,0.0,0.96417,consistent,0.9697,0.94529,0.97112,0.96535,0.9825,0.98167,0.98472,0.98028,0.00444,0.0,0.98028,consistent,0.98737,0.97896,0.9802,0.9769,0.98667,0.985,0.33658
B2_xgb,F1,14,0.37689,0.30483,2,0.3591,0.95778,0.90643,0.23393,0.45321,0.67008,0.49046,0.31538,0.09826,0.28053,0.31211,0.53836,0.95278,0.93583,0.01694,0.0,0.93583,over,0.9436,0.91077,0.93399,0.91832,0.98083,0.97833,0.97333,0.96194,0.01139,0.0,0.96194,over,0.97306,0.94949,0.96205,0.95215,0.985,0.98417,0.98194,0.97417,0.00778,0.0,0.97417,consistent,0.98232,0.96633,0.97525,0.96782,0.98833,0.98833,0.98861,0.98611,0.0025,0.0,0.98611,consistent,0.99074,0.98653,0.98432,0.98102,0.99083,0.99083,0.3591
C_rf,F1,14,0.36507,0.3034,2,0.32317,0.96333,0.85617,0.22916,0.42808,0.65094,0.47847,0.30814,0.09563,0.27005,0.31112,0.51418,0.95306,0.93722,0.01583,0.0,0.93722,over,0.94192,0.90741,0.94059,0.92822,0.97667,0.97583,0.97472,0.96278,0.01194,0.0,0.96278,over,0.97138,0.94781,0.9703,0.95875,0.9825,0.98167,0.98194,0.975,0.00694,0.0,0.975,consistent,0.98232,0.97138,0.97772,0.96865,0.98583,0.985,0.98972,0.98667,0.00306,0.0,0.98667,consistent,0.99158,0.98653,0.9868,0.98267,0.99083,0.99083,0.32317
B2_raw,F1,14,0.37137,0.30848,2,0.32927,0.96361,0.88532,0.23007,0.44266,0.66154,0.48551,0.31227,0.09619,0.28207,0.31166,0.5207,0.95139,0.93389,0.0175,0.0,0.93389,over,0.94276,0.90572,0.93564,0.92079,0.97583,0.975,0.97361,0.96167,0.01194,0.0,0.96167,over,0.97475,0.95286,0.9637,0.9505,0.9825,0.98167,0.98139,0.97528,0.00611,0.0,0.97528,consistent,0.98316,0.97222,0.97607,0.96947,0.985,0.98417,0.98861,0.98528,0.00333,0.0,0.98528,consistent,0.99242,0.98653,0.98267,0.97937,0.99083,0.99,0.32927
quantile_model,F2,7,0.23185,0.1844,2,0.39227,0.89583,0.83069,0.1434,0.41535,0.35178,0.24895,0.16705,0.06456,0.23807,0.22836,0.22925,0.86583,0.80139,0.06444,0.005,0.80639,consistent,0.91751,0.82407,0.85891,0.79703,0.82167,0.78333,0.92972,0.88972,0.04,0.00028,0.89,consistent,0.95875,0.9133,0.93069,0.88119,0.9,0.875,0.96111,0.94639,0.01472,0.0,0.94639,consistent,0.98232,0.9638,0.96452,0.94719,0.93667,0.92833,0.9925,0.99167,0.00083,0.0,0.99167,consistent,0.99663,0.99411,0.99422,0.99422,0.98667,0.98667,
conformal,F2,7,0.23126,0.18439,2,0.39226,0.89806,0.83067,0.1434,0.41534,0.35054,0.24727,0.16627,0.06473,0.23629,0.22807,0.22952,0.86028,0.79722,0.06306,0.00583,0.80278,consistent,0.89731,0.79882,0.85891,0.79703,0.825,0.79583,0.93194,0.89528,0.03667,0.0,0.89528,consistent,0.95202,0.89731,0.93647,0.89604,0.9075,0.8925,0.96083,0.9425,0.01833,0.0,0.9425,consistent,0.97391,0.94192,0.9703,0.95462,0.93833,0.93083,0.98833,0.98444,0.00389,0.0,0.98444,consistent,0.99411,0.98822,0.99422,0.99175,0.97667,0.97333,
B1_ma28,F2,7,0.37905,0.28148,2,0.42833,0.96694,0.89918,0.17567,0.44959,0.69167,0.51011,0.33425,0.113,0.27313,0.27852,0.58646,0.94167,0.89528,0.04639,0.0,0.89528,over,0.91077,0.82744,0.92822,0.87211,0.98583,0.98583,0.96694,0.94028,0.02667,0.0,0.94028,over,0.94529,0.89226,0.9637,0.93729,0.99167,0.99083,0.97528,0.95667,0.01861,0.0,0.95667,consistent,0.9596,0.9133,0.97277,0.96287,0.99333,0.99333,0.98528,0.97667,0.00861,0.0,0.97667,consistent,0.9798,0.95707,0.98185,0.97855,0.99417,0.99417,0.42833
B2_xgb,F2,7,0.36574,0.27797,2,0.4317,0.97056,0.91513,0.17964,0.45757,0.65982,0.48238,0.31286,0.10215,0.2715,0.27378,0.55283,0.95278,0.91167,0.04111,0.0,0.91167,over,0.94024,0.86616,0.93234,0.88284,0.98583,0.98583,0.97444,0.95139,0.02306,0.0,0.95139,over,0.9638,0.92003,0.96782,0.94307,0.99167,0.99083,0.98111,0.9675,0.01361,0.0,0.9675,consistent,0.97222,0.94444,0.97772,0.96452,0.99333,0.99333,0.98833,0.98222,0.00611,0.0,0.98222,consistent,0.98737,0.97138,0.9835,0.98102,0.99417,0.99417,0.4317
C_rf,F2,7,0.36119,0.26767,2,0.41438,0.97111,0.89852,0.18093,0.44926,0.65128,0.47654,0.30847,0.10066,0.26954,0.26403,0.55104,0.95389,0.91278,0.04111,0.0,0.91278,over,0.93687,0.867,0.93647,0.88366,0.98833,0.9875,0.97611,0.9525,0.02361,0.0,0.9525,over,0.96801,0.92256,0.96782,0.94224,0.9925,0.9925,0.98111,0.96917,0.01194,0.0,0.96917,consistent,0.97054,0.9436,0.97937,0.9703,0.99333,0.99333,0.98722,0.98361,0.00361,0.0,0.98361,consistent,0.98401,0.97391,0.9835,0.98267,0.99417,0.99417,0.41438
B2_raw,F2,7,0.37024,0.27813,2,0.41979,0.97083,0.92426,0.18191,0.46213,0.66792,0.48864,0.31737,0.10346,0.2798,0.26841,0.56365,0.95194,0.91556,0.03639,0.0,0.91556,over,0.93687,0.8729,0.93069,0.88614,0.98833,0.9875,0.97389,0.9525,0.02139,0.0,0.9525,over,0.96465,0.92677,0.96452,0.93812,0.9925,0.9925,0.98056,0.96806,0.0125,0.0,0.96806,consistent,0.97306,0.94949,0.97525,0.96122,0.99333,0.99333,0.98778,0.98139,0.00639,0.0,0.98139,consistent,0.98569,0.97222,0.9835,0.97772,0.99417,0.99417,0.41979
quantile_model,F2,10,0.22495,0.17652,2,0.36085,0.88694,0.8079,0.14473,0.40395,0.33742,0.23985,0.16032,0.06344,0.23394,0.22439,0.21663,0.85361,0.80083,0.05278,0.00528,0.80556,consistent,0.91751,0.84091,0.85066,0.7962,0.79333,0.76583,0.9275,0.89722,0.03028,0.0,0.89722,consistent,0.9638,0.93098,0.92492,0.89026,0.89417,0.87083,0.95917,0.94389,0.01528,0.0,0.94389,consistent,0.98148,0.96465,0.96122,0.94142,0.935,0.92583,0.99556,0.99361,0.00194,0.0,0.99361,consistent,0.99579,0.99411,0.99752,0.99587,0.99333,0.99083,
conformal,F2,10,0.22405,0.17176,2,0.36084,0.87528,0.80784,0.14473,0.40392,0.33547,0.23855,0.1602,0.06141,0.231,0.22376,0.21745,0.84472,0.7875,0.05722,0.00444,0.79167,consistent,0.89057,0.78535,0.85149,0.80776,0.7925,0.76917,0.91583,0.88222,0.03361,0.0,0.88222,consistent,0.94444,0.8931,0.92657,0.89686,0.87667,0.85667,0.95139,0.93306,0.01833,0.0,0.93306,consistent,0.96801,0.94697,0.95957,0.94059,0.92667,0.91167,0.98917,0.9875,0.00167,0.0,0.9875,consistent,0.99158,0.98822,0.99422,0.9934,0.98167,0.98083,
B1_ma28,F2,10,0.39494,0.28868,2,0.39784,0.96472,0.88359,0.18921,0.4418,0.73059,0.53847,0.35164,0.11794,0.27037,0.29213,0.62314,0.94111,0.90667,0.03444,0.0,0.90667,over,0.90993,0.83923,0.92822,0.89934,0.985,0.98083,0.96472,0.93861,0.02611,0.0,0.93861,over,0.94192,0.88131,0.96122,0.94472,0.99083,0.98917,0.97722,0.96444,0.01278,0.0,0.96444,consistent,0.9638,0.93266,0.97525,0.96782,0.9925,0.9925,0.98472,0.97667,0.00806,0.0,0.97667,consistent,0.97811,0.9596,0.98267,0.9769,0.99333,0.99333,0.39784
B2_xgb,F2,10,0.37966,0.28026,2,0.40364,0.96944,0.89958,0.19102,0.44979,0.69527,0.50729,0.3283,0.10627,0.26841,0.28318,0.58821,0.95528,0.92472,0.03056,0.0,0.92472,over,0.94024,0.88384,0.93894,0.90347,0.98667,0.98667,0.97389,0.95861,0.01528,0.0,0.95861,over,0.96465,0.93266,0.96617,0.95215,0.99083,0.99083,0.98194,0.97306,0.00889,0.0,0.97306,consistent,0.97391,0.95875,0.97855,0.967,0.99333,0.99333,0.98833,0.98278,0.00556,0.0,0.98278,consistent,0.98822,0.97559,0.9835,0.97937,0.99333,0.99333,0.40364
C_rf,F2,10,0.37248,0.27332,2,0.37823,0.96778,0.8762,0.19308,0.4381,0.68028,0.49761,0.32221,0.1036,0.26819,0.27458,0.5756,0.95806,0.92944,0.02861,0.0,0.92944,over,0.94276,0.8931,0.94307,0.90759,0.98833,0.9875,0.97556,0.96278,0.01278,0.0,0.96278,over,0.96465,0.93939,0.96947,0.9571,0.9925,0.99167,0.9825,0.975,0.0075,0.0,0.975,consistent,0.97727,0.95875,0.9769,0.97277,0.99333,0.99333,0.98917,0.98472,0.00444,0.0,0.98472,consistent,0.98822,0.97896,0.98597,0.98185,0.99333,0.99333,0.37823
B2_raw,F2,10,0.38047,0.27924,2,0.38458,0.96556,0.90091,0.19426,0.45045,0.6932,0.50817,0.3298,0.10692,0.27607,0.27955,0.58677,0.95278,0.92111,0.03167,0.0,0.92111,over,0.94024,0.88552,0.93152,0.89109,0.98667,0.98667,0.9725,0.95694,0.01556,0.0,0.95694,over,0.96212,0.93098,0.96452,0.94884,0.99083,0.99083,0.98167,0.97194,0.00972,0.0,0.97194,consistent,0.97475,0.95791,0.9769,0.96452,0.99333,0.99333,0.98778,0.98306,0.00472,0.0,0.98306,consistent,0.98569,0.97643,0.98432,0.97937,0.99333,0.99333,0.38458
quantile_model,F2,14,0.23767,0.18551,2,0.34037,0.8675,0.84499,0.16099,0.42249,0.3511,0.25171,0.16938,0.07036,0.24209,0.23581,0.2352,0.84639,0.80389,0.0425,0.00139,0.80528,consistent,0.90993,0.8569,0.85314,0.80446,0.77667,0.75083,0.91833,0.89528,0.02306,0.0,0.89528,consistent,0.9638,0.93013,0.91997,0.89356,0.87167,0.8625,0.95528,0.94333,0.01194,0.0,0.94333,consistent,0.98064,0.96633,0.9604,0.94884,0.925,0.915,0.9925,0.99167,0.00083,0.0,0.99167,consistent,0.99411,0.99327,0.99505,0.9934,0.98833,0.98833,
conformal,F2,14,0.23671,0.18095,2,0.34038,0.8675,0.84503,0.16099,0.42251,0.34652,0.25121,0.16899,0.07003,0.23841,0.2369,0.23482,0.83889,0.78972,0.04917,0.00389,0.79361,consistent,0.87879,0.80219,0.85314,0.80446,0.785,0.7625,0.91833,0.88889,0.02944,0.00111,0.89,consistent,0.93687,0.8771,0.93812,0.91832,0.88,0.87083,0.95417,0.94167,0.0125,0.0,0.94167,consistent,0.9697,0.95118,0.96947,0.95875,0.92333,0.915,0.98861,0.98694,0.00167,0.0,0.98694,consistent,0.99158,0.9899,0.99587,0.9934,0.97833,0.9775,
B1_ma28,F2,14,0.4311,0.31396,2,0.37106,0.96194,0.92044,0.21785,0.46022,0.79545,0.59306,0.38899,0.13102,0.28375,0.32033,0.68996,0.93472,0.89806,0.03667,0.0,0.89806,over,0.89478,0.81145,0.92574,0.89851,0.98333,0.98333,0.96194,0.94667,0.01528,0.0,0.94667,over,0.93687,0.90067,0.96205,0.95215,0.98667,0.98667,0.97472,0.96056,0.01417,0.0,0.96056,consistent,0.96296,0.92593,0.97195,0.967,0.98917,0.98833,0.9825,0.97806,0.00444,0.0,0.97806,consistent,0.97727,0.96633,0.97937,0.9769,0.99083,0.99083,0.37106
B2_xgb,F2,14,0.41215,0.29825,2,0.38405,0.96556,0.9568,0.21992,0.4784,0.74766,0.55024,0.35813,0.11855,0.28525,0.31512,0.63675,0.95056,0.92944,0.02111,0.0,0.92944,over,0.93013,0.88721,0.93812,0.91749,0.98333,0.98333,0.97361,0.96,0.01361,0.0,0.96,over,0.96633,0.93182,0.96535,0.95875,0.98917,0.98917,0.98139,0.97611,0.00528,0.0,0.97611,consistent,0.97727,0.96633,0.97607,0.97195,0.99083,0.99,0.98639,0.98417,0.00222,0.0,0.98417,consistent,0.98485,0.98064,0.9835,0.98102,0.99083,0.99083,0.38405
C_rf,F2,14,0.39553,0.28857,2,0.35298,0.96417,0.91033,0.22041,0.45517,0.71312,0.52718,0.34341,0.11391,0.27785,0.29704,0.61251,0.95139,0.93111,0.02028,0.0,0.93111,over,0.93434,0.88721,0.93482,0.92079,0.985,0.985,0.97389,0.96028,0.01361,0.0,0.96028,over,0.96549,0.93519,0.96617,0.95627,0.99,0.98917,0.98222,0.97556,0.00667,0.0,0.97556,consistent,0.97811,0.96212,0.97772,0.97442,0.99083,0.99,0.98778,0.985,0.00278,0.0,0.985,consistent,0.98569,0.98232,0.98597,0.98102,0.99167,0.99167,0.35298
B2_raw,F2,14,0.42141,0.31948,2,0.36452,0.96389,0.99191,0.22569,0.49595,0.76326,0.56169,0.36426,0.11762,0.31866,0.30824,0.63859,0.96083,0.9425,0.01833,0.0,0.9425,over,0.95707,0.92508,0.94142,0.91832,0.98417,0.98417,0.9775,0.96806,0.00944,0.0,0.96806,over,0.97559,0.9596,0.96782,0.95627,0.98917,0.98833,0.98444,0.97917,0.00528,0.0,0.97917,consistent,0.98232,0.97475,0.9802,0.97277,0.99083,0.99,0.98833,0.98722,0.00111,0.0,0.98722,consistent,0.98737,0.98569,0.98597,0.98432,0.99167,0.99167,0.36452
quantile_model,F3,7,0.22446,0.1887,1,0.39725,0.88306,0.848,0.15102,0.424,0.34567,0.23272,0.14513,0.04824,0.23246,0.22593,0.21515,0.85889,0.79167,0.06722,0.00111,0.79278,consistent,0.91414,0.82071,0.84406,0.76898,0.81917,0.78583,0.92806,0.89028,0.03778,0.0,0.89028,consistent,0.95875,0.91498,0.92492,0.87871,0.90083,0.8775,0.96333,0.94083,0.0225,0.0,0.94083,consistent,0.98148,0.95455,0.96205,0.93647,0.94667,0.93167,0.99667,0.99361,0.00306,0.0,0.99361,consistent,0.99747,0.99411,0.9967,0.99175,0.99583,0.995,
conformal,F3,7,0.22409,0.18801,1,0.39725,0.88861,0.848,0.15102,0.424,0.34468,0.23135,0.14521,0.0483,0.23187,0.22543,0.21513,0.86278,0.79389,0.06889,0.00333,0.79694,consistent,0.91414,0.80976,0.84406,0.76898,0.83083,0.80333,0.93361,0.89389,0.03972,0.00028,0.89389,consistent,0.95455,0.90404,0.92574,0.88036,0.92083,0.8975,0.96917,0.94722,0.02194,0.0,0.94722,consistent,0.97559,0.94276,0.96122,0.93399,0.97083,0.965,0.99556,0.99056,0.005,0.0,0.99056,consistent,0.99747,0.99158,0.99257,0.98432,0.99667,0.99583,
B1_ma28,F3,7,0.40892,0.30064,1,0.41826,0.96611,0.88819,0.17656,0.4441,0.77342,0.57507,0.3712,0.11316,0.2597,0.29012,0.67513,0.94472,0.90889,0.03583,0.0,0.90889,over,0.93603,0.86279,0.91502,0.88119,0.98333,0.9825,0.96611,0.94333,0.02278,0.0,0.94333,over,0.95539,0.90993,0.95462,0.93399,0.98833,0.98583,0.9775,0.96139,0.01611,0.0,0.96139,consistent,0.97896,0.94276,0.96205,0.95132,0.99167,0.99,0.98556,0.97722,0.00833,0.0,0.97722,consistent,0.98737,0.97138,0.97607,0.967,0.99333,0.99333,0.41826
B2_xgb,F3,7,0.40124,0.2964,1,0.42361,0.96889,0.91322,0.17844,0.45661,0.75419,0.55559,0.35614,0.10647,0.26282,0.28302,0.65629,0.95389,0.92,0.03389,0.0,0.92,over,0.94276,0.87879,0.92904,0.89191,0.99,0.98917,0.97111,0.95278,0.01833,0.0,0.95278,over,0.96633,0.9234,0.95627,0.94389,0.99083,0.99083,0.98,0.96861,0.01139,0.0,0.96861,consistent,0.9798,0.95455,0.96617,0.95875,0.99417,0.9925,0.98944,0.98139,0.00806,0.0,0.98139,consistent,0.99242,0.9798,0.97937,0.96947,0.99667,0.995,0.42361
C_rf,F3,7,0.39537,0.28617,1,0.40894,0.97056,0.88269,0.17847,0.44134,0.74368,0.55025,0.35324,0.10526,0.2556,0.27138,0.65759,0.95722,0.9225,0.03472,0.0,0.9225,over,0.95034,0.88552,0.93152,0.89439,0.99,0.9875,0.97389,0.9575,0.01639,0.0,0.9575,over,0.97054,0.93182,0.95957,0.94967,0.99167,0.99083,0.98139,0.96972,0.01167,0.0,0.96972,consistent,0.98064,0.95539,0.9703,0.96205,0.99333,0.99167,0.98972,0.98389,0.00583,0.0,0.98389,consistent,0.99242,0.98232,0.98102,0.9736,0.99583,0.99583,0.40894
B2_raw,F3,7,0.40413,0.29417,1,0.41914,0.97333,0.91969,0.18057,0.45984,0.75959,0.55982,0.3585,0.10645,0.27139,0.27513,0.66449,0.95361,0.92306,0.03056,0.0,0.92306,over,0.9436,0.8931,0.92987,0.89109,0.9875,0.985,0.975,0.95472,0.02028,0.0,0.95472,over,0.97475,0.93519,0.95957,0.93894,0.99083,0.99,0.98194,0.96861,0.01333,0.0,0.96861,consistent,0.98401,0.95539,0.96947,0.95875,0.9925,0.99167,0.99028,0.98444,0.00583,0.0,0.98444,consistent,0.99242,0.98485,0.98185,0.9736,0.99667,0.995,0.41914
quantile_model,F3,10,0.21931,0.1797,1,0.36597,0.86194,0.82576,0.15737,0.41288,0.33251,0.22362,0.13871,0.05076,0.22318,0.22115,0.21365,0.84528,0.79111,0.05417,0.00222,0.79333,consistent,0.90572,0.83923,0.82838,0.76403,0.8025,0.77083,0.91306,0.87944,0.03361,0.00056,0.88,consistent,0.95118,0.90152,0.90099,0.86304,0.8875,0.87417,0.95972,0.93611,0.02361,0.00028,0.93639,consistent,0.97727,0.95202,0.95792,0.92574,0.94417,0.93083,0.99694,0.99556,0.00139,0.0,0.99556,consistent,0.99747,0.99747,0.9967,0.99422,0.99667,0.995,
conformal,F3,10,0.21787,0.17882,1,0.36597,0.87389,0.82576,0.15737,0.41288,0.32915,0.22179,0.13863,0.04738,0.22122,0.22006,0.21237,0.84972,0.79083,0.05889,0.00417,0.79444,consistent,0.89394,0.81145,0.82756,0.76073,0.82833,0.80083,0.925,0.88611,0.03889,0.00056,0.88611,consistent,0.94192,0.89057,0.90099,0.86304,0.9325,0.905,0.96472,0.94333,0.02139,0.0,0.94333,consistent,0.96633,0.93771,0.95875,0.92739,0.96917,0.965,0.99583,0.9925,0.00333,0.0,0.9925,consistent,0.99747,0.99242,0.9934,0.9901,0.99667,0.995,
B1_ma28,F3,10,0.44451,0.30251,1,0.39114,0.95944,0.88661,0.19149,0.4433,0.85811,0.63775,0.41145,0.12494,0.25523,0.30173,0.7742,0.93333,0.90417,0.02917,0.0,0.90417,over,0.90488,0.84091,0.90924,0.88861,0.98583,0.9825,0.95944,0.93667,0.02278,0.0,0.93667,over,0.9436,0.89226,0.94554,0.92904,0.98917,0.98833,0.97028,0.95306,0.01722,0.0,0.95306,consistent,0.96296,0.92761,0.9571,0.94142,0.99083,0.99,0.98389,0.975,0.00889,0.0,0.975,consistent,0.98316,0.96549,0.97442,0.96617,0.99417,0.99333,0.39114
B2_xgb,F3,10,0.43712,0.29853,1,0.39857,0.96417,0.9085,0.19289,0.45425,0.84096,0.61969,0.3969,0.11804,0.2565,0.29504,0.75763,0.94667,0.92083,0.02583,0.0,0.92083,over,0.9335,0.87963,0.91749,0.89521,0.98917,0.9875,0.96611,0.94972,0.01639,0.0,0.94972,over,0.95875,0.92508,0.9505,0.93482,0.98917,0.98917,0.97667,0.9625,0.01417,0.0,0.9625,consistent,0.97306,0.94444,0.96452,0.9505,0.9925,0.9925,0.98694,0.98,0.00694,0.0,0.98,consistent,0.98737,0.97475,0.97855,0.9703,0.995,0.995,0.39857
C_rf,F3,10,0.42778,0.28203,1,0.38161,0.96556,0.87343,0.19452,0.43671,0.82334,0.60814,0.38931,0.11467,0.24966,0.27889,0.75271,0.94889,0.92361,0.02528,0.0,0.92361,over,0.93182,0.88552,0.92492,0.89686,0.99,0.98833,0.97083,0.9525,0.01833,0.0,0.9525,over,0.96296,0.9234,0.95875,0.94307,0.99083,0.99083,0.97889,0.96472,0.01417,0.0,0.96472,consistent,0.97391,0.94444,0.9703,0.95792,0.9925,0.99167,0.98972,0.98306,0.00667,0.0,0.98306,consistent,0.98906,0.97643,0.9835,0.9769,0.99667,0.99583,0.38161
B2_raw,F3,10,0.43285,0.29579,1,0.3845,0.96139,0.88569,0.19564,0.44285,0.83105,0.61537,0.39494,0.11724,0.25682,0.2823,0.7574,0.94361,0.91083,0.03278,0.0,0.91083,over,0.92593,0.86532,0.91584,0.88036,0.98917,0.98667,0.96417,0.94611,0.01806,0.0,0.94611,over,0.95118,0.91751,0.95132,0.93069,0.99,0.99,0.9775,0.96278,0.01472,0.0,0.96278,consistent,0.97475,0.94276,0.96535,0.95297,0.9925,0.9925,0.98806,0.98194,0.00611,0.0,0.98194,consistent,0.98569,0.97727,0.98185,0.9736,0.99667,0.995,0.3845
quantile_model,F3,14,0.22983,0.19594,1,0.33478,0.83472,0.86928,0.1682,0.43464,0.34517,0.23209,0.14492,0.05395,0.23583,0.23176,0.222,0.83333,0.78028,0.05306,0.00222,0.7825,consistent,0.8931,0.82323,0.80776,0.75495,0.8,0.76333,0.90778,0.87861,0.02917,0.00083,0.87944,consistent,0.94108,0.90404,0.89686,0.85974,0.88583,0.8725,0.95389,0.93972,0.01417,0.0,0.93972,consistent,0.97054,0.95286,0.94637,0.93152,0.945,0.935,0.99583,0.99444,0.00139,0.0,0.99444,consistent,0.99663,0.99495,0.99587,0.9934,0.995,0.995,
conformal,F3,14,0.22934,0.19504,1,0.33477,0.84444,0.86926,0.1682,0.43463,0.34287,0.23181,0.14643,0.0521,0.23484,0.23097,0.2223,0.84056,0.7875,0.05306,0.00167,0.78861,consistent,0.87626,0.80051,0.80611,0.74752,0.84,0.815,0.9175,0.88917,0.02833,0.00028,0.88917,consistent,0.9335,0.8931,0.88696,0.85231,0.9325,0.9225,0.96083,0.94556,0.01528,0.0,0.94556,consistent,0.96717,0.93939,0.94637,0.93152,0.96917,0.96583,0.99528,0.99389,0.00139,0.0,0.99389,consistent,0.99663,0.99495,0.9934,0.99175,0.99583,0.995,
B1_ma28,F3,14,0.48532,0.34038,1,0.35068,0.95972,0.92329,0.2246,0.46165,0.93799,0.70149,0.45201,0.13418,0.27211,0.35489,0.826,0.93694,0.90806,0.02889,0.0,0.90806,over,0.90067,0.83502,0.92822,0.90842,0.98167,0.98,0.95972,0.94528,0.01444,0.0,0.94528,over,0.93855,0.90657,0.95462,0.94554,0.98583,0.98333,0.9725,0.95917,0.01333,0.0,0.95917,consistent,0.96212,0.93266,0.967,0.9571,0.98833,0.9875,0.98639,0.97972,0.00667,0.0,0.97972,consistent,0.98316,0.9697,0.98515,0.97855,0.99083,0.99083,0.35068
B2_xgb,F3,14,0.47139,0.32508,1,0.35815,0.965,0.94161,0.22573,0.47081,0.90521,0.67179,0.42989,0.12491,0.26712,0.34824,0.79595,0.94806,0.92611,0.02194,0.0,0.92611,over,0.92088,0.87374,0.93729,0.91832,0.98583,0.98583,0.96944,0.95528,0.01417,0.0,0.95528,over,0.95539,0.92172,0.96287,0.95462,0.99,0.98917,0.97806,0.96778,0.01028,0.0,0.96778,consistent,0.97054,0.94781,0.97277,0.96452,0.99083,0.99083,0.99028,0.98528,0.005,0.0,0.98528,consistent,0.98822,0.97811,0.98762,0.98432,0.995,0.99333,0.35815
C_rf,F3,14,0.46145,0.31208,1,0.34358,0.96694,0.89869,0.22536,0.44935,0.88702,0.66141,0.42327,0.12227,0.25908,0.32725,0.79531,0.95306,0.93389,0.01917,0.0,0.93389,over,0.92845,0.88973,0.94307,0.92574,0.9875,0.98583,0.97139,0.96139,0.01,0.0,0.96139,over,0.95875,0.93182,0.96535,0.96205,0.99,0.99,0.98111,0.9725,0.00861,0.0,0.9725,consistent,0.97559,0.95455,0.97607,0.97195,0.99167,0.99083,0.99194,0.98722,0.00472,0.0,0.98722,consistent,0.99074,0.98232,0.99092,0.98515,0.99417,0.99417,0.34358
B2_raw,F3,14,0.47337,0.32679,1,0.34867,0.96583,0.93927,0.22742,0.46964,0.91065,0.67612,0.43179,0.1246,0.27823,0.33205,0.80734,0.95417,0.93389,0.02028,0.0,0.93389,over,0.93603,0.89478,0.94059,0.92079,0.98583,0.98583,0.97194,0.96111,0.01083,0.0,0.96111,over,0.96212,0.93855,0.96535,0.95627,0.98833,0.98833,0.98,0.97333,0.00667,0.0,0.97333,consistent,0.97559,0.96044,0.97442,0.96947,0.99,0.99,0.99056,0.98917,0.00139,0.0,0.98917,consistent,0.9899,0.98653,0.98845,0.98762,0.99333,0.99333,0.34867
quantile_model,F4,7,0.32068,0.19128,0,0.37801,0.89667,1.26515,0.24011,0.63257,0.4944,0.30592,0.18491,0.06619,0.54659,0.2191,0.19963,0.86,0.77417,0.08583,0.00306,0.77722,consistent,0.90657,0.77778,0.85396,0.76815,0.82,0.77667,0.93444,0.89639,0.03806,0.0,0.89639,consistent,0.96044,0.90572,0.92904,0.88861,0.91417,0.895,0.96722,0.95,0.01722,0.0,0.95,consistent,0.97559,0.95623,0.96947,0.94554,0.95667,0.94833,0.99667,0.99444,0.00222,0.0,0.99444,consistent,0.99832,0.99242,0.9967,0.9967,0.995,0.99417,
conformal,F4,7,0.32241,0.19126,0,0.37801,0.90611,1.26514,0.24011,0.63257,0.49783,0.31784,0.18554,0.06055,0.55288,0.2194,0.19827,0.87556,0.79611,0.07944,0.0025,0.79861,consistent,0.90572,0.77189,0.88531,0.81683,0.83583,0.79917,0.94389,0.90833,0.03556,0.0,0.90833,consistent,0.95286,0.89562,0.9505,0.91749,0.92833,0.91167,0.97389,0.96028,0.01361,0.0,0.96028,consistent,0.97643,0.95623,0.97772,0.96617,0.9675,0.95833,0.995,0.99111,0.00389,0.0,0.99111,consistent,0.99579,0.98737,0.9967,0.99505,0.9925,0.99083,
B1_ma28,F4,7,0.41022,0.2572,0,0.41076,0.96139,1.33118,0.31853,0.66559,0.61867,0.4556,0.30209,0.10086,0.61909,0.28289,0.33206,0.93194,0.885,0.04694,0.0,0.885,over,0.91246,0.80976,0.93729,0.90264,0.94583,0.94167,0.96139,0.93583,0.02556,0.0,0.93583,over,0.94949,0.89731,0.97112,0.94967,0.96333,0.96,0.97222,0.95556,0.01667,0.0,0.95556,consistent,0.96633,0.93013,0.97937,0.96865,0.97083,0.9675,0.98389,0.97639,0.0075,0.0,0.97639,consistent,0.98653,0.97054,0.98927,0.98267,0.97583,0.97583,0.41076
B2_xgb,F4,7,0.39362,0.24397,0,0.398,0.95889,1.29604,0.32324,0.64802,0.57562,0.4365,0.28609,0.09225,0.60838,0.26592,0.30998,0.94833,0.91028,0.03806,0.0,0.91028,over,0.93603,0.86195,0.94719,0.91089,0.96167,0.9575,0.97056,0.94917,0.02139,0.0,0.94917,over,0.96465,0.9234,0.97442,0.95215,0.9725,0.97167,0.97861,0.96611,0.0125,0.0,0.96611,consistent,0.97559,0.94529,0.9835,0.97607,0.97667,0.97667,0.98778,0.9825,0.00528,0.0,0.9825,consistent,0.98737,0.98064,0.9934,0.98597,0.9825,0.98083,0.398
C_rf,F4,7,0.38318,0.23466,0,0.38897,0.96333,1.31346,0.31586,0.65673,0.54979,0.41329,0.27333,0.09007,0.59391,0.25812,0.30086,0.94639,0.90667,0.03972,0.0,0.90667,over,0.93519,0.85101,0.94389,0.91254,0.96,0.95583,0.97056,0.94861,0.02194,0.0,0.94861,over,0.96465,0.92256,0.9736,0.95462,0.97333,0.96833,0.97722,0.96556,0.01167,0.0,0.96556,consistent,0.97222,0.94697,0.9835,0.97525,0.97583,0.97417,0.98556,0.97972,0.00583,0.0,0.97972,consistent,0.98569,0.97391,0.99092,0.98597,0.98,0.97917,0.38897
B2_raw,F4,7,0.39726,0.24417,0,0.40009,0.96583,1.32997,0.32312,0.66498,0.5791,0.43682,0.287,0.09252,0.618,0.26548,0.31181,0.94972,0.91611,0.03361,0.0,0.91611,over,0.94276,0.88384,0.94719,0.91254,0.95917,0.95167,0.97056,0.95333,0.01722,0.0,0.95333,over,0.96717,0.93603,0.97277,0.9571,0.97167,0.96667,0.97972,0.9675,0.01222,0.0,0.9675,consistent,0.97727,0.95202,0.98432,0.97525,0.9775,0.975,0.98778,0.98278,0.005,0.0,0.98278,consistent,0.98906,0.98064,0.99175,0.98515,0.9825,0.9825,0.40009
quantile_model,F4,10,0.39069,0.18685,0,0.36228,0.88167,1.44735,0.27881,0.72367,0.60397,0.42534,0.23632,0.07601,0.74571,0.22568,0.20586,0.84917,0.78083,0.06833,0.00056,0.78139,consistent,0.883,0.79125,0.83828,0.76815,0.82667,0.78333,0.92361,0.88694,0.03667,0.0,0.88694,consistent,0.94697,0.89226,0.91337,0.87376,0.91083,0.895,0.96417,0.94833,0.01583,0.0,0.94833,consistent,0.97643,0.95875,0.95792,0.94059,0.95833,0.94583,0.99667,0.99389,0.00278,0.0,0.99389,consistent,0.99663,0.99411,0.99752,0.9934,0.99583,0.99417,
conformal,F4,10,0.40088,0.18527,0,0.36223,0.89861,1.44716,0.27881,0.72358,0.64754,0.42946,0.26127,0.06464,0.7793,0.22476,0.20414,0.85528,0.79028,0.065,0.00194,0.79222,consistent,0.85774,0.73906,0.86634,0.82096,0.84167,0.81,0.94056,0.91028,0.03028,0.0,0.91028,consistent,0.94444,0.89057,0.94802,0.92244,0.92917,0.9175,0.96806,0.95389,0.01417,0.0,0.95389,consistent,0.97391,0.9537,0.96947,0.95627,0.96083,0.95167,0.99278,0.99028,0.0025,0.0,0.99028,consistent,0.99327,0.98653,0.99257,0.99257,0.9925,0.99167,
B1_ma28,F4,10,0.45288,0.27115,0,0.38913,0.95472,1.46277,0.38842,0.73138,0.65637,0.49835,0.33177,0.111,0.69358,0.30738,0.36155,0.93083,0.89806,0.03278,0.0,0.89806,over,0.90825,0.8367,0.93977,0.91584,0.94417,0.94083,0.95472,0.935,0.01972,0.0,0.935,over,0.94024,0.8931,0.96535,0.95627,0.95833,0.955,0.96722,0.95278,0.01444,0.0,0.95278,consistent,0.95875,0.92761,0.97442,0.9637,0.96833,0.96667,0.98111,0.97389,0.00722,0.0,0.97389,consistent,0.97896,0.96212,0.98762,0.98515,0.97667,0.97417,0.38913
B2_xgb,F4,10,0.46011,0.26353,0,0.38916,0.94111,1.50942,0.40296,0.75471,0.66688,0.50054,0.33069,0.10487,0.70847,0.28339,0.39272,0.94306,0.91583,0.02722,0.0,0.91583,over,0.92424,0.87458,0.93812,0.90842,0.96667,0.96417,0.96917,0.95194,0.01722,0.0,0.95194,over,0.95539,0.91919,0.97195,0.9604,0.98,0.97583,0.97806,0.96583,0.01222,0.0,0.96583,consistent,0.97391,0.94444,0.97855,0.9736,0.98167,0.97917,0.9875,0.9825,0.005,0.0,0.9825,consistent,0.98569,0.97643,0.9901,0.9868,0.98667,0.98417,0.38916
C_rf,F4,10,0.42992,0.24476,0,0.36838,0.95,1.48038,0.38364,0.74019,0.61428,0.44735,0.29696,0.09713,0.68788,0.27425,0.33178,0.94,0.91417,0.02583,0.0,0.91417,over,0.9234,0.87542,0.93894,0.91254,0.9575,0.95417,0.96611,0.94694,0.01917,0.0,0.94694,over,0.95791,0.91667,0.96947,0.95545,0.97083,0.96833,0.97444,0.96306,0.01139,0.0,0.96306,consistent,0.96801,0.9436,0.97855,0.97112,0.97667,0.97417,0.98444,0.97806,0.00639,0.0,0.97806,consistent,0.98316,0.97138,0.98927,0.98432,0.98083,0.97833,0.36838
B2_raw,F4,10,0.44392,0.26088,0,0.38261,0.95417,1.46437,0.39201,0.73218,0.6396,0.48074,0.31699,0.10199,0.70671,0.28525,0.34401,0.94722,0.92306,0.02417,0.0,0.92306,over,0.94024,0.89731,0.94307,0.91832,0.95833,0.95333,0.96583,0.95472,0.01111,0.0,0.95472,over,0.96044,0.93855,0.96865,0.9604,0.96833,0.965,0.97667,0.96583,0.01083,0.0,0.96583,consistent,0.97559,0.95202,0.97772,0.97112,0.97667,0.97417,0.98556,0.98028,0.00528,0.0,0.98028,consistent,0.98401,0.97727,0.99092,0.98515,0.98167,0.97833,0.38261
quantile_model,F4,14,0.4562,0.19659,0,0.34754,0.84972,1.82301,0.35316,0.91151,0.71184,0.4262,0.24382,0.0907,0.90362,0.24008,0.23154,0.81639,0.76083,0.05556,0.00083,0.76167,consistent,0.87037,0.77862,0.79455,0.73845,0.785,0.76583,0.90722,0.87444,0.03278,0.0,0.87444,consistent,0.93939,0.90067,0.89191,0.84653,0.89083,0.87667,0.95861,0.93861,0.02,0.0,0.93861,consistent,0.97306,0.94444,0.95627,0.93317,0.94667,0.93833,0.995,0.99194,0.00306,0.0,0.99194,consistent,0.99411,0.99074,0.9967,0.99422,0.99417,0.99083,
conformal,F4,14,0.47083,0.1942,0,0.34751,0.86972,1.82293,0.35316,0.91146,0.76407,0.44767,0.27441,0.07421,0.9545,0.23705,0.22811,0.83889,0.78083,0.05806,0.00083,0.78167,consistent,0.85522,0.75168,0.85066,0.80363,0.81083,0.78667,0.92722,0.89972,0.0275,0.0,0.89972,consistent,0.93687,0.89057,0.93564,0.91419,0.90917,0.89417,0.96333,0.94889,0.01444,0.0,0.94889,consistent,0.96549,0.93939,0.9703,0.95957,0.95417,0.9475,0.99111,0.98833,0.00278,0.0,0.98833,consistent,0.99074,0.98569,0.99257,0.9901,0.99,0.98917,
B1_ma28,F4,14,0.57575,0.29861,0,0.36767,0.95306,1.88222,0.51022,0.94111,0.83742,0.61971,0.41357,0.13245,0.96045,0.33751,0.43551,0.92528,0.89611,0.02917,0.0,0.89611,over,0.89562,0.83165,0.93399,0.91337,0.94583,0.9425,0.95306,0.93556,0.0175,0.0,0.93556,over,0.9335,0.8931,0.9637,0.95215,0.96167,0.96083,0.9625,0.95222,0.01028,0.0,0.95222,consistent,0.94949,0.92424,0.97195,0.967,0.96583,0.965,0.97861,0.97361,0.005,0.0,0.97361,consistent,0.97643,0.96633,0.98515,0.98267,0.97417,0.97167,0.36767
B2_xgb,F4,14,0.56695,0.28993,0,0.36407,0.9375,1.94633,0.51628,0.97316,0.79448,0.59618,0.39561,0.12599,0.95682,0.30912,0.44139,0.945,0.92,0.025,0.0,0.92,over,0.92761,0.88047,0.94059,0.91667,0.96667,0.9625,0.96917,0.95472,0.01444,0.0,0.95472,over,0.96296,0.93687,0.96947,0.95297,0.975,0.97417,0.97778,0.96944,0.00833,0.0,0.96944,consistent,0.97727,0.96044,0.97772,0.97112,0.97833,0.97667,0.98639,0.98361,0.00278,0.0,0.98361,consistent,0.98569,0.98148,0.99092,0.9868,0.9825,0.9825,0.36407
C_rf,F4,14,0.50963,0.26902,0,0.34737,0.94917,1.8079,0.49977,0.90395,0.68156,0.51271,0.34535,0.11444,0.83212,0.29541,0.40672,0.93972,0.91361,0.02611,0.0,0.91361,over,0.91667,0.86869,0.94059,0.91254,0.96167,0.95917,0.96528,0.94944,0.01583,0.0,0.94944,over,0.9537,0.92172,0.96947,0.95627,0.9725,0.97,0.975,0.96444,0.01056,0.0,0.96444,consistent,0.96886,0.94613,0.9802,0.9736,0.97583,0.97333,0.98389,0.97944,0.00444,0.0,0.97944,consistent,0.98401,0.97475,0.98845,0.9868,0.97917,0.97667,0.34737
B2_raw,F4,14,0.52971,0.28054,0,0.3554,0.94444,1.8544,0.50545,0.9272,0.72197,0.54194,0.36323,0.11848,0.8719,0.30297,0.41994,0.93444,0.90861,0.02583,0.0,0.90861,over,0.90909,0.85185,0.93399,0.91502,0.96,0.95833,0.96222,0.945,0.01722,0.0,0.945,over,0.94781,0.91498,0.96782,0.9505,0.97083,0.96917,0.97333,0.96194,0.01139,0.0,0.96194,consistent,0.96886,0.9436,0.97607,0.96865,0.975,0.97333,0.98361,0.97944,0.00417,0.0,0.97944,consistent,0.98401,0.97559,0.98927,0.98597,0.9775,0.97667,0.3554
