c,curve,x,y
1.0,roc,0.0,0.0
1.0,roc,0.1291,0.1076
1.0,roc,0.1422,0.1474
1.0,roc,0.1553,0.1804
1.0,roc,0.1679,0.21
1.0,roc,0.1824,0.2412
1.0,roc,0.1973,0.2679
1.0,roc,0.2119,0.2934
1.0,roc,0.2274,0.3181
1.0,roc,0.2438,0.3441
1.0,roc,0.2617,0.3722
1.0,roc,0.2795,0.3993
1.0,roc,0.2978,0.4223
1.0,roc,0.318,0.4459
1.0,roc,0.3384,0.4716
1.0,roc,0.358,0.497
1.0,roc,0.378,0.5224
1.0,roc,0.3984,0.5471
1.0,roc,0.4182,0.5701
1.0,roc,0.4388,0.5933
1.0,roc,0.4594,0.6168
1.0,roc,0.4828,0.6398
1.0,roc,0.5037,0.661
1.0,roc,0.5272,0.6819
1.0,roc,0.5531,0.7038
1.0,roc,0.5764,0.7247
1.0,roc,0.5995,0.7443
1.0,roc,0.6237,0.765
1.0,roc,0.6492,0.7858
1.0,roc,0.6754,0.8072
1.0,roc,0.7013,0.8275
1.0,roc,0.7307,0.8491
1.0,roc,0.7568,0.8693
1.0,roc,0.7855,0.8889
1.0,roc,0.8119,0.9085
1.0,roc,0.8465,0.9273
1.0,roc,0.881,0.9469
1.0,roc,0.9196,0.9649
1.0,roc,0.9567,0.9829
1.0,roc,1.0,1.0
1.0,pr,1.0,0.3414
1.0,pr,0.9882,0.3454
1.0,pr,0.9758,0.3494
1.0,pr,0.9622,0.3531
1.0,pr,0.9488,0.3571
1.0,pr,0.9342,0.3609
1.0,pr,0.9195,0.3647
1.0,pr,0.903,0.3681
1.0,pr,0.8841,0.3707
1.0,pr,0.8658,0.3737
1.0,pr,0.8464,0.3764
1.0,pr,0.8276,0.3795
1.0,pr,0.8078,0.3824
1.0,pr,0.7872,0.385
1.0,pr,0.7675,0.3883
1.0,pr,0.7468,0.3913
1.0,pr,0.7256,0.3942
1.0,pr,0.7041,0.3972
1.0,pr,0.6838,0.4012
1.0,pr,0.6623,0.4047
1.0,pr,0.6391,0.4074
1.0,pr,0.6161,0.4106
1.0,pr,0.5909,0.4125
1.0,pr,0.5661,0.4149
1.0,pr,0.5392,0.4159
1.0,pr,0.513,0.4176
1.0,pr,0.4851,0.4181
1.0,pr,0.459,0.4202
1.0,pr,0.4337,0.4235
1.0,pr,0.4062,0.4248
1.0,pr,0.3767,0.4241
1.0,pr,0.3471,0.4232
1.0,pr,0.3163,0.4204
1.0,pr,0.2853,0.4169
1.0,pr,0.2525,0.4098
1.0,pr,0.2181,0.398
1.0,pr,0.1805,0.376
1.0,pr,0.1417,0.3438
1.0,pr,0.0992,0.2883
1.0,pr,0.0,1.0
1.5,roc,0.0,0.0
1.5,roc,0.0941,0.1791
1.5,roc,0.0987,0.2134
1.5,roc,0.1045,0.2465
1.5,roc,0.1114,0.2806
1.5,roc,0.1173,0.3074
1.5,roc,0.1253,0.3342
1.5,roc,0.1322,0.3604
1.5,roc,0.1405,0.3829
1.5,roc,0.1493,0.4046
1.5,roc,0.1586,0.4297
1.5,roc,0.1667,0.4529
1.5,roc,0.1761,0.4751
1.5,roc,0.1875,0.4971
1.5,roc,0.1997,0.5188
1.5,roc,0.2114,0.5395
1.5,roc,0.2216,0.5613
1.5,roc,0.2342,0.5802
1.5,roc,0.2492,0.6012
1.5,roc,0.2648,0.6224
1.5,roc,0.2832,0.6426
1.5,roc,0.2989,0.6636
1.5,roc,0.3173,0.6848
1.5,roc,0.3389,0.704
1.5,roc,0.3595,0.7267
1.5,roc,0.3809,0.7456
1.5,roc,0.4059,0.7658
1.5,roc,0.4324,0.7845
1.5,roc,0.459,0.803
1.5,roc,0.4843,0.8219
1.5,roc,0.5097,0.8411
1.5,roc,0.5394,0.8596
1.5,roc,0.5812,0.8772
1.5,roc,0.6196,0.8949
1.5,roc,0.6564,0.9124
1.5,roc,0.6978,0.9308
1.5,roc,0.7536,0.9485
1.5,roc,0.8142,0.9654
1.5,roc,0.8916,0.9831
1.5,roc,1.0,1.0
1.5,pr,1.0,0.1375
1.5,pr,0.9957,0.1401
1.5,pr,0.9919,0.143
1.5,pr,0.9879,0.146
1.5,pr,0.9833,0.149
1.5,pr,0.9793,0.1523
1.5,pr,0.9722,0.1553
1.5,pr,0.9672,0.1588
1.5,pr,0.9601,0.1621
1.5,pr,0.953,0.1656
1.5,pr,0.9452,0.1692
1.5,pr,0.9379,0.1732
1.5,pr,0.9275,0.1768
1.5,pr,0.9156,0.1803
1.5,pr,0.903,0.1839
1.5,pr,0.8919,0.1881
1.5,pr,0.8803,0.1926
1.5,pr,0.8699,0.1976
1.5,pr,0.8588,0.2029
1.5,pr,0.8429,0.2074
1.5,pr,0.8252,0.2118
1.5,pr,0.808,0.2168
1.5,pr,0.7896,0.2219
1.5,pr,0.7732,0.2282
1.5,pr,0.7552,0.2345
1.5,pr,0.7371,0.2416
1.5,pr,0.7126,0.2472
1.5,pr,0.6903,0.2544
1.5,pr,0.6646,0.2612
1.5,pr,0.637,0.2682
1.5,pr,0.6103,0.2766
1.5,pr,0.5784,0.2839
1.5,pr,0.5408,0.2894
1.5,pr,0.5039,0.2965
1.5,pr,0.4617,0.3017
1.5,pr,0.4125,0.303
1.5,pr,0.3607,0.3025
1.5,pr,0.2988,0.292
1.5,pr,0.2253,0.2637
1.5,pr,0.0,1.0
2.0,roc,0.0,0.0
2.0,roc,0.0857,0.2726
2.0,roc,0.0878,0.3049
2.0,roc,0.0906,0.3344
2.0,roc,0.0937,0.3597
2.0,roc,0.0967,0.3822
2.0,roc,0.1005,0.4131
2.0,roc,0.1042,0.4365
2.0,roc,0.108,0.4576
2.0,roc,0.113,0.4773
2.0,roc,0.1166,0.4993
2.0,roc,0.1214,0.5222
2.0,roc,0.127,0.5386
2.0,roc,0.1338,0.5578
2.0,roc,0.14,0.5747
2.0,roc,0.1462,0.5948
2.0,roc,0.154,0.6141
2.0,roc,0.1613,0.6304
2.0,roc,0.1687,0.6473
2.0,roc,0.1773,0.6665
2.0,roc,0.1866,0.6857
2.0,roc,0.1978,0.7026
2.0,roc,0.2062,0.7194
2.0,roc,0.2188,0.7386
2.0,roc,0.2299,0.7555
2.0,roc,0.2404,0.7728
2.0,roc,0.2552,0.7897
2.0,roc,0.267,0.8066
2.0,roc,0.2847,0.822
2.0,roc,0.3018,0.8384
2.0,roc,0.3202,0.8553
2.0,roc,0.3404,0.8712
2.0,roc,0.3631,0.8881
2.0,roc,0.3862,0.904
2.0,roc,0.4131,0.9199
2.0,roc,0.4549,0.9363
2.0,roc,0.5142,0.9522
2.0,roc,0.5838,0.9691
2.0,roc,0.6926,0.9845
2.0,roc,1.0,1.0
2.0,pr,1.0,0.0741
2.0,pr,0.9981,0.0758
2.0,pr,0.9977,0.0776
2.0,pr,0.9958,0.0793
2.0,pr,0.9948,0.0813
2.0,pr,0.9939,0.0834
2.0,pr,0.9925,0.0855
2.0,pr,0.9925,0.0879
2.0,pr,0.992,0.0903
2.0,pr,0.9897,0.0928
2.0,pr,0.9892,0.0955
2.0,pr,0.9878,0.0984
2.0,pr,0.9864,0.1014
2.0,pr,0.9827,0.1044
2.0,pr,0.9803,0.1077
2.0,pr,0.9775,0.1112
2.0,pr,0.9714,0.1146
2.0,pr,0.9672,0.1185
2.0,pr,0.9607,0.1224
2.0,pr,0.9546,0.1266
2.0,pr,0.9494,0.1314
2.0,pr,0.9419,0.1363
2.0,pr,0.9363,0.1419
2.0,pr,0.9265,0.1474
2.0,pr,0.9148,0.1532
2.0,pr,0.9002,0.1591
2.0,pr,0.8852,0.1656
2.0,pr,0.8656,0.1721
2.0,pr,0.8464,0.1794
2.0,pr,0.8239,0.1871
2.0,pr,0.8028,0.1962
2.0,pr,0.7733,0.2047
2.0,pr,0.7372,0.2128
2.0,pr,0.6998,0.2221
2.0,pr,0.6637,0.2339
2.0,pr,0.6108,0.2419
2.0,pr,0.5536,0.2504
2.0,pr,0.4801,0.253
2.0,pr,0.3803,0.24
2.0,pr,0.0,1.0
